idx,qtag,barcode,mcountsPF,readsPF
17814-neg-20151125,q23,TTTGGGT,4,4
17814-neg-20151125,q24,CTTGCAA,4,4
17814-neg-20151125,q23,TCATCCA,1,1
17814-neg-20151125,q24,AGACCTC,1,1
17814-neg-20151125,q24,TTTGGGT,1,1
17814-neg-20151125,q27,TTTCTGC,1,1
17814-17-20151125,q19,GTCTTCA,27790,30045
17814-17-20151125,q19,GTCTCCA,26,26
17814-17-20151125,q19,GTCTACA,19,19
17814-17-20151125,q19,GTCATCA,16,16
17814-17-20151125,q23,GTCTTCA,15,15
17814-17-20151125,q19,GTCCTCA,14,14
17814-17-20151125,q19,GTCTTAA,13,13
17814-17-20151125,q24,GTCTTCA,12,12
17814-17-20151125,q19,GTCGTCA,9,9
17814-17-20151125,q19,GTCTTCT,6,6
17814-17-20151125,q19,GTCTTTA,5,5
17814-17-20151125,q19,GTTTTCA,4,4
17814-17-20151125,q19,GCCTTCA,3,3
17814-17-20151125,q19,GTCTTCG,3,3
17814-17-20151125,q19,ATTATAC,2,2
17814-17-20151125,q19,GACTTCA,2,2
17814-17-20151125,q23,GAGCCGT,2,2
17814-17-20151125,q23,GCGTCGG,2,2
17814-17-20151125,q19,ATCTTCA,1,1
17814-17-20151125,q19,CGGCGGC,1,1
17814-17-20151125,q19,GAGCCGT,1,1
17814-17-20151125,q19,GTCTGCA,1,1
17814-17-20151125,q19,GTCTTCC,1,1
17814-17-20151125,q19,GTTGCCG,1,1
17814-24-20151125,q24,TCGTCAA,18233,19176
17814-24-20151125,q24,TCATCAA,23,23
17814-24-20151125,q23,GTTGCCG,16,16
17814-24-20151125,q24,TCGCCAA,14,14
17814-24-20151125,q24,TCGTTAA,10,10
17814-24-20151125,q23,TCGTCAA,9,9
17814-24-20151125,q24,TCGTCAT,9,9
17814-24-20151125,q24,TCGACAA,5,5
17814-24-20151125,q24,TAGTCAA,4,4
17814-24-20151125,q24,TCGGCAA,4,4
17814-24-20151125,q24,TCGTCCA,4,4
17814-24-20151125,q24,TCGTCTA,4,4
17814-24-20151125,q19,TCGTCAA,3,3
17814-24-20151125,q24,TCGTAAA,3,3
17814-24-20151125,q24,TCTTCAA,3,3
17814-24-20151125,q24,TTGTCAA,3,3
17814-24-20151125,q23,CACCCTT,2,2
17814-24-20151125,q23,GCGTCGG,2,2
17814-24-20151125,q19,CCTTATT,1,1
17814-24-20151125,q19,GCGTCGG,1,1
17814-24-20151125,q19,TTCATTC,1,1
17814-24-20151125,q24,ACGTCAA,1,1
17814-24-20151125,q24,TCGTCGA,1,1
17814-03-20151125,q19,GTCTTCA,33829,37275
17814-03-20151125,q19,GTTTGTA,6646,6790
17814-03-20151125,q19,GTCTACA,46,46
17814-03-20151125,q19,GTCTTAA,41,41
17814-03-20151125,q19,GTCATCA,26,26
17814-03-20151125,q19,GTCTTCT,21,21
17814-03-20151125,q24,GTCTTCA,19,19
17814-03-20151125,q19,GTCCTCA,17,17
17814-03-20151125,q19,GTCTCCA,16,16
17814-03-20151125,q23,GTCTTCA,16,16
17814-03-20151125,q19,GTTTTCA,14,14
17814-03-20151125,q19,GTTTTTA,12,12
17814-03-20151125,q19,ATCTTCA,9,9
17814-03-20151125,q19,GTCTTTA,9,9
17814-03-20151125,q19,GTTTGTT,9,9
17814-03-20151125,q19,GTCGTCA,8,8
17814-03-20151125,q19,GTTTGAA,8,8
17814-03-20151125,q19,GTCTGCA,6,6
17814-03-20151125,q23,GTTTGTA,6,6
17814-03-20151125,q19,GTCTTCG,5,5
17814-03-20151125,q19,GTTCGTA,5,5
17814-03-20151125,q19,GACTTCA,4,4
17814-03-20151125,q19,TTCTTCA,4,4
17814-03-20151125,q24,GTTTGTA,4,4
17814-03-20151125,q19,GTTAGTA,2,2
17814-03-20151125,q19,GTTTATA,2,2
17814-03-20151125,q24,TGTCCCC,2,2
17814-03-20151125,q27,GGTTGGG,2,2
17814-03-20151125,q19,ATTTGTA,1,1
17814-03-20151125,q19,CTCTTCA,1,1
17814-03-20151125,q19,GCCTTCA,1,1
17814-03-20151125,q19,GTATTCA,1,1
17814-03-20151125,q19,GTTGGTA,1,1
17814-03-20151125,q19,GTTTGCA,1,1
17814-03-20151125,q19,GTTTGTG,1,1
17814-03-20151125,q19,TTTTGTA,1,1
17814-03-20151125,q24,CCTGGTT,1,1
17814-03-20151125,q27,GTTCACC,1,1
17814-01-20151125,q19,CGGCGGC,14511,15106
17814-01-20151125,q19,GAGGGGG,383,384
17814-01-20151125,q19,CGGCGAC,32,32
17814-01-20151125,q19,CGACGGC,16,16
17814-01-20151125,q19,CGGTGGC,14,14
17814-01-20151125,q19,CGGCAGC,13,13
17814-01-20151125,q19,CGGCGGT,10,10
17814-01-20151125,q19,TGGCGGC,5,5
17814-01-20151125,q23,GAGGGGG,5,5
17814-01-20151125,q24,GAGGGGG,5,5
17814-01-20151125,q23,CGGCGGC,4,4
17814-01-20151125,q24,CGGCGGC,4,4
17814-01-20151125,q24,CTTGCAA,4,4
17814-01-20151125,q19,CGGCGTC,3,3
17814-01-20151125,q19,CGGCTGC,3,3
17814-01-20151125,q19,GAGGGGC,3,3
17814-01-20151125,q19,GTCTTCA,3,3
17814-01-20151125,q19,CAGCGGC,2,2
17814-01-20151125,q19,GAGCCGT,2,2
17814-01-20151125,q19,AGGCGGC,1,1
17814-01-20151125,q19,CGGAGGC,1,1
17814-01-20151125,q19,CGGCCGC,1,1
17814-01-20151125,q19,CGGCGCC,1,1
17814-01-20151125,q19,CGGCGGA,1,1
17814-01-20151125,q19,CGTCGGC,1,1
17814-01-20151125,q19,CTGCGGC,1,1
17814-01-20151125,q19,GAGGTGG,1,1
17814-01-20151125,q19,GATGGGG,1,1
17814-01-20151125,q19,GTTGCCG,1,1
17814-01-20151125,q23,GAGCCGT,1,1
17814-01-20151125,q24,CGGCAGC,1,1
17814-35-20151125,q19,GGGCGGC,9,9
17814-35-20151125,q24,CAGAAGT,7,7
17814-35-20151125,q26,CATATAT,5,5
17814-35-20151125,q27,CGCATAG,5,5
17814-35-20151125,q24,CGCATAG,2,2
17814-35-20151125,q25,GGAGCCA,2,2
17814-35-20151125,q19,CATATAT,1,1
17814-35-20151125,q26,GGAGCCA,1,1
17814-35-20151125,q27,GGGCGGC,1,1
17814-35-20151125,q27,GTGCGTT,1,1
17814-25-20151125,q23,GTTGCCG,17128,17984
17814-25-20151125,q23,GTTGCCA,43,43
17814-25-20151125,q23,GTTGTCG,35,35
17814-25-20151125,q23,GTTACCG,14,14
17814-25-20151125,q19,GTCTTCA,5,5
17814-25-20151125,q23,GTTGCAG,4,4
17814-25-20151125,q23,GTTGCCT,3,3
17814-25-20151125,q23,GAGCCGT,2,2
17814-25-20151125,q23,GTAGCCG,2,2
17814-25-20151125,q24,GTTGCCG,2,2
17814-25-20151125,q19,CGGCGGC,1,1
17814-25-20151125,q19,GAGCCGT,1,1
17814-25-20151125,q19,GTTGCCG,1,1
17814-25-20151125,q19,TATCTCG,1,1
17814-25-20151125,q23,ATTGCCG,1,1
17814-25-20151125,q23,GCGTCGG,1,1
17814-25-20151125,q23,GCTGCCG,1,1
17814-25-20151125,q23,GTTACCA,1,1
17814-25-20151125,q23,GTTGACG,1,1
17814-25-20151125,q23,GTTGCTG,1,1
17814-25-20151125,q23,GTTGGCG,1,1
17814-25-20151125,q23,GTTTCCG,1,1
17814-25-20151125,q24,TCGTCAA,1,1
17814-26-20151125,q19,ATTATAC,28359,30805
17814-26-20151125,q23,ATTATAC,24,24
17814-26-20151125,q19,ATTTTAC,15,15
17814-26-20151125,q19,AAAGCCG,14,14
17814-26-20151125,q19,ATTAAAC,14,14
17814-26-20151125,q24,ATTATAC,11,11
17814-26-20151125,q19,ATTATGC,9,9
17814-26-20151125,q23,TCATCCA,9,9
17814-26-20151125,q19,ATTACAC,8,8
17814-26-20151125,q19,ATTATTC,8,8
17814-26-20151125,q19,GTTATAC,6,6
17814-26-20151125,q19,ATCATAC,4,4
17814-26-20151125,q19,ATAATAC,3,3
17814-26-20151125,q19,ATTATAA,3,3
17814-26-20151125,q19,ATTGTAC,3,3
17814-26-20151125,q19,TTTATAC,3,3
17814-26-20151125,q19,ACTATAC,2,2
17814-26-20151125,q19,ATTATAT,2,2
17814-26-20151125,q19,ATTATCC,2,2
17814-26-20151125,q24,GTTCCTC,2,2
17814-26-20151125,q19,AAAGCCA,1,1
17814-26-20151125,q19,ATTCTAC,1,1
17814-26-20151125,q19,GTCTTCA,1,1
17814-26-20151125,q19,TATGTTC,1,1
17814-26-20151125,q23,CACCCTT,1,1
17814-26-20151125,q24,AAAGCCG,1,1
17814-05-20151125,q19,ACCGGCG,33866,37313
17814-05-20151125,q19,ACCGACG,59,59
17814-05-20151125,q19,ACCGGCT,38,38
17814-05-20151125,q19,ACCAGCG,33,33
17814-05-20151125,q19,ACCGGCA,31,31
17814-05-20151125,q19,ACCGGTG,23,23
17814-05-20151125,q23,ACCGGCG,20,20
17814-05-20151125,q19,ACCTGCG,13,13
17814-05-20151125,q24,ACCGGCG,13,13
17814-05-20151125,q19,ACTGGCG,12,12
17814-05-20151125,q19,ATCGGCG,10,10
17814-05-20151125,q19,ACAGGCG,7,7
17814-05-20151125,q19,ACCGGAG,4,4
17814-05-20151125,q19,ACCGTCG,4,4
17814-05-20151125,q27,ACCGGCG,4,4
17814-05-20151125,q19,AACGGCG,3,3
17814-05-20151125,q27,GGTTGGG,3,3
17814-05-20151125,q19,ACCCGCG,2,2
17814-05-20151125,q19,ACCGCCG,2,2
17814-05-20151125,q19,GCCGGCG,2,2
17814-05-20151125,q19,GTTGCCG,2,2
17814-05-20151125,q19,TCCGGCG,2,2
17814-05-20151125,q24,CCTGGTT,2,2
17814-05-20151125,q24,GGGGGGC,2,2
17814-05-20151125,q19,ACCAGAG,1,1
17814-05-20151125,q19,ACGGGCG,1,1
17814-05-20151125,q19,GTCTTCA,1,1
17814-05-20151125,q19,TCTATCA,1,1
17814-05-20151125,q19,TTAAACA,1,1
17814-05-20151125,q23,GTTGCCG,1,1
17814-05-20151125,q24,ACTGGCG,1,1
17814-05-20151125,q24,CATCTGT,1,1
17814-05-20151125,q24,CTATAAA,1,1
17814-05-20151125,q24,CTTGCAA,1,1
17814-05-20151125,q24,GTTGCAA,1,1
17814-05-20151125,q27,GAGGCCG,1,1
17814-33-20151125,q19,GTCTTCA,356,441
17814-33-20151125,q19,ATTATAC,210,258
17814-33-20151125,q19,TTCATTC,203,260
17814-33-20151125,q23,GAGTTTA,165,197
17814-33-20151125,q23,GGAATTC,155,186
17814-33-20151125,q23,AGTCGGT,139,181
17814-33-20151125,q23,CATTAAA,125,153
17814-33-20151125,q23,ATCTGAC,122,142
17814-33-20151125,q23,GTTGCTG,115,150
17814-33-20151125,q23,CTCATCT,98,125
17814-33-20151125,q23,GGTTGGA,95,121
17814-33-20151125,q23,TGTCGTT,81,113
17814-33-20151125,q23,ACGGGTA,81,98
17814-33-20151125,q23,GTTGCTA,79,97
17814-33-20151125,q23,GTCCGTG,78,87
17814-33-20151125,q23,CATCTCT,61,76
17814-33-20151125,q24,GTGCAGG,44,55
17814-33-20151125,q24,CGGTGTG,29,29
17814-33-20151125,q27,GGTTGGG,22,27
17814-33-20151125,q23,CGTTGCG,18,23
17814-33-20151125,q26,CGCTTTG,17,17
17814-33-20151125,q23,CCGATTT,14,16
17814-33-20151125,q19,CTTATAC,10,10
17814-33-20151125,q23,TCAATAG,8,8
17814-33-20151125,q23,CTCTGAC,7,7
17814-33-20151125,q23,GTCGCAG,6,6
17814-33-20151125,q23,GCGTTTA,5,5
17814-33-20151125,q24,CCAGTTG,5,5
17814-33-20151125,q23,AATTTCT,4,4
17814-33-20151125,q23,CCGGGTA,4,4
17814-33-20151125,q23,CGTTGTT,3,4
17814-33-20151125,q19,GTGAGGT,3,3
17814-33-20151125,q23,CCTTAAA,3,3
17814-33-20151125,q23,GGTGCGG,3,3
17814-33-20151125,q27,GAGGAGT,3,3
17814-33-20151125,q23,CAGCGGA,2,3
17814-33-20151125,q23,CGTCGGT,2,3
17814-33-20151125,q19,CCGCCTG,2,2
17814-33-20151125,q23,CATAAAA,2,2
17814-33-20151125,q23,GGCATTC,2,2
17814-33-20151125,q24,CGCTTTG,2,2
17814-33-20151125,q25,ACAATGA,2,2
17814-33-20151125,q19,CATCTCA,1,1
17814-33-20151125,q19,CCGATTT,1,1
17814-33-20151125,q19,CTCCGTT,1,1
17814-33-20151125,q19,GTCCGTG,1,1
17814-33-20151125,q19,GTCCTCA,1,1
17814-33-20151125,q19,GTCTTCG,1,1
17814-33-20151125,q19,TGTCGTT,1,1
17814-33-20151125,q23,ACGGATA,1,1
17814-33-20151125,q23,CCTCTCT,1,1
17814-33-20151125,q23,GGAATCC,1,1
17814-33-20151125,q23,GGTTGGG,1,1
17814-33-20151125,q23,GTCTTCA,1,1
17814-33-20151125,q23,GTTGCCG,1,1
17814-33-20151125,q23,GTTGCTT,1,1
17814-33-20151125,q24,ATTATAC,1,1
17814-33-20151125,q24,CCCGTTG,1,1
17814-33-20151125,q24,CCGCCTG,1,1
17814-33-20151125,q24,CGGTATG,1,1
17814-33-20151125,q24,CTTGCAA,1,1
17814-33-20151125,q26,ACAATGA,1,1
17814-33-20151125,q26,GTCTTCA,1,1
17814-33-20151125,q27,CGCTTTG,1,1
17814-27-20151125,q19,TTCATTC,150,224
17814-27-20151125,q24,TATGAGA,21,28
17814-27-20151125,q25,CCCGTCT,5,5
17814-27-20151125,q24,GCTTTAG,3,3
17814-27-20151125,q19,CTGGCGT,1,1
17814-27-20151125,q19,GCGGTAG,1,1
17814-27-20151125,q24,CCCGTCT,1,1
17814-27-20151125,q24,TCGCCCC,1,1
17814-27-20151125,q24,TCTGAGA,1,1
17814-27-20151125,q25,CTGGCGT,1,1
17814-27-20151125,q25,GCGGTAG,1,1
17814-27-20151125,q26,CGTAAAC,1,1
17814-27-20151125,q27,GCGGTAG,1,1
17814-34-20160125,q24,TCAGGCT,16,16
17814-34-20160125,q24,GTGCATG,13,13
17814-34-20160125,q19,CTCCGTT,9,9
17814-34-20160125,q24,TTTGGGA,5,5
17814-34-20160125,q25,GCGGGGA,4,4
17814-34-20160125,q19,CATTGTT,2,2
17814-34-20160125,q19,TAATTGG,2,2
17814-34-20160125,q19,TTTTTCG,2,2
17814-34-20160125,q25,GGCAGGA,2,2
17814-34-20160125,q26,GGGTTTG,2,2
17814-34-20160125,q19,ACGCTAA,1,1
17814-34-20160125,q19,AGAACAA,1,1
17814-34-20160125,q19,AGATAGT,1,1
17814-34-20160125,q19,ATGATCG,1,1
17814-34-20160125,q19,ATGGTTC,1,1
17814-34-20160125,q19,ATTCGTG,1,1
17814-34-20160125,q19,CGAAAGC,1,1
17814-34-20160125,q19,CGACGTT,1,1
17814-34-20160125,q19,CGCTTAG,1,1
17814-34-20160125,q19,GCTGCTG,1,1
17814-34-20160125,q19,GGTCGTG,1,1
17814-34-20160125,q19,GTTACTT,1,1
17814-34-20160125,q19,TACATTC,1,1
17814-34-20160125,q23,CCGGCCG,1,1
17814-34-20160125,q23,TTTCTGT,1,1
17814-34-20160125,q24,ACGCGCC,1,1
17814-34-20160125,q24,CCCGCTT,1,1
17814-34-20160125,q24,CTCCGTT,1,1
17814-34-20160125,q24,GTCCGTT,1,1
17814-34-20160125,q24,TGGTTGT,1,1
17814-34-20160125,q25,CACCGGT,1,1
17814-34-20160125,q25,CCGAGTT,1,1
17814-34-20160125,q25,CGTTAAT,1,1
17814-34-20160125,q25,GGGGGTG,1,1
17814-34-20160125,q25,GTGCATG,1,1
17814-34-20160125,q25,TCAGTTT,1,1
17814-34-20160125,q25,TGGTCTG,1,1
17814-34-20160125,q26,GTTAAGT,1,1
17814-34-20160125,q26,TGTTATG,1,1
17814-34-20160125,q26,TTGCGGG,1,1
17814-34-20160125,q26,TTGCGTC,1,1
17814-34-20160125,q27,GGTTCGA,1,1
17814-34-20160125,q27,GTGCAGG,1,1
17814-34-20160125,q27,GTTGCGT,1,1
17814-34-20160125,q27,TAGTAAG,1,1
17814-34-20160125,q27,TTTAGCT,1,1
17814-GA_1-20160306,q19,GTCTTCA,27921,30622
17814-GA_1-20160306,q19,CGTGATT,133,133
17814-GA_1-20160306,q23,CGGCGCT,103,103
17814-GA_1-20160306,q19,GTCTTTA,33,33
17814-GA_1-20160306,q19,CAACTTC,30,30
17814-GA_1-20160306,q19,ATTATTG,27,27
17814-GA_1-20160306,q19,GTCATCA,24,24
17814-GA_1-20160306,q19,GTCTCCA,20,20
17814-GA_1-20160306,q23,GGCCCTG,20,20
17814-GA_1-20160306,q19,CCGGGTG,18,18
17814-GA_1-20160306,q19,GTCCTCA,15,15
17814-GA_1-20160306,q24,TCGGGGG,15,15
17814-GA_1-20160306,q19,GGTGGGG,12,12
17814-GA_1-20160306,q19,GTCTTAA,11,11
17814-GA_1-20160306,q19,GTCTTCT,7,7
17814-GA_1-20160306,q24,GTCTTCA,7,7
17814-GA_1-20160306,q19,GTCGTCA,6,6
17814-GA_1-20160306,q19,GTCTACA,6,6
17814-GA_1-20160306,q19,TTCTTCA,6,6
17814-GA_1-20160306,q19,GGGCACT,5,5
17814-GA_1-20160306,q19,GTCTTCG,5,5
17814-GA_1-20160306,q23,CGTGATT,5,5
17814-GA_1-20160306,q24,CGTGATT,5,5
17814-GA_1-20160306,q19,GCCTTCA,4,4
17814-GA_1-20160306,q23,GTCTTCA,4,4
17814-GA_1-20160306,q19,ATCTTCA,3,3
17814-GA_1-20160306,q19,GACTTCA,3,3
17814-GA_1-20160306,q19,GTATTCA,2,2
17814-GA_1-20160306,q19,GTCTGCA,2,2
17814-GA_1-20160306,q23,ATTATTG,2,2
17814-GA_1-20160306,q19,ATTATTA,1,1
17814-GA_1-20160306,q19,CGTTATT,1,1
17814-GA_1-20160306,q19,GTCTTAG,1,1
17814-GA_1-20160306,q19,GTCTTGA,1,1
17814-GA_1-20160306,q19,GTTTTCA,1,1
17814-GA_1-20160306,q19,TGCTGGT,1,1
17814-GA_1-20160306,q19,TTCGTCT,1,1
17814-GA_1-20160306,q23,CAACTTC,1,1
17814-GA_1-20160306,q23,CAACTTG,1,1
17814-GA_1-20160306,q23,CTCGGCC,1,1
17814-GA_1-20160306,q23,GGCCCTT,1,1
17814-GA_1-20160306,q24,ATTATTG,1,1
17814-GA_1-20160306,q27,ATCGGCG,1,1
17814-27-20160125,q25,ATCGGTG,4,4
17814-27-20160125,q27,GGCGTGC,3,3
17814-27-20160125,q19,ACTTCTC,2,2
17814-27-20160125,q19,ATGCGTT,2,2
17814-27-20160125,q19,GGTACGG,2,2
17814-27-20160125,q19,GGTTTTT,2,2
17814-27-20160125,q19,TATACCT,2,2
17814-27-20160125,q23,CTCGAGC,2,2
17814-27-20160125,q25,CTTGGGT,2,2
17814-27-20160125,q25,GATCTAC,2,2
17814-27-20160125,q25,TGCATTG,2,2
17814-27-20160125,q26,GGGGATC,2,2
17814-27-20160125,q27,TGGAGAC,2,2
17814-27-20160125,q19,AACGAAT,1,1
17814-27-20160125,q19,ACGTGCG,1,1
17814-27-20160125,q19,AGAGGGC,1,1
17814-27-20160125,q19,AGATTCA,1,1
17814-27-20160125,q19,CAACTTT,1,1
17814-27-20160125,q19,CAGTGGT,1,1
17814-27-20160125,q19,CCGGGGA,1,1
17814-27-20160125,q19,CTGCTTG,1,1
17814-27-20160125,q19,CTTCTAG,1,1
17814-27-20160125,q19,CTTGTCC,1,1
17814-27-20160125,q19,GAACGGA,1,1
17814-27-20160125,q19,GACTATA,1,1
17814-27-20160125,q19,GAGTGAC,1,1
17814-27-20160125,q19,GCAAGGG,1,1
17814-27-20160125,q19,GGTCGGA,1,1
17814-27-20160125,q19,GGTGGGC,1,1
17814-27-20160125,q19,GTGTGCT,1,1
17814-27-20160125,q19,TAACGTT,1,1
17814-27-20160125,q19,TACCGTT,1,1
17814-27-20160125,q19,TAGAATC,1,1
17814-27-20160125,q19,TAGGGGT,1,1
17814-27-20160125,q19,TCAGAGC,1,1
17814-27-20160125,q19,TGGGCTG,1,1
17814-27-20160125,q19,TGTGGGT,1,1
17814-27-20160125,q19,TTGCAAG,1,1
17814-27-20160125,q19,TTTCATA,1,1
17814-27-20160125,q23,AGTCTTC,1,1
17814-27-20160125,q23,ATCTGCT,1,1
17814-27-20160125,q23,CACCTGA,1,1
17814-27-20160125,q23,CAGTGGT,1,1
17814-27-20160125,q23,CCAGTCA,1,1
17814-27-20160125,q23,CCGATTG,1,1
17814-27-20160125,q23,CCGCCCC,1,1
17814-27-20160125,q23,CGGGGGT,1,1
17814-27-20160125,q23,GACTTAT,1,1
17814-27-20160125,q23,GAGGCCG,1,1
17814-27-20160125,q23,GCTCCTC,1,1
17814-27-20160125,q23,GGGCCGC,1,1
17814-27-20160125,q23,GGGGGTG,1,1
17814-27-20160125,q23,GTCCTTA,1,1
17814-27-20160125,q23,GTGATAG,1,1
17814-27-20160125,q23,GTTCCTG,1,1
17814-27-20160125,q23,GTTGATA,1,1
17814-27-20160125,q23,TAGTTTT,1,1
17814-27-20160125,q23,TATAGAC,1,1
17814-27-20160125,q23,TCTTGTT,1,1
17814-27-20160125,q24,AGTTCCG,1,1
17814-27-20160125,q24,CAGTGCG,1,1
17814-27-20160125,q24,CGATCTT,1,1
17814-27-20160125,q24,CGGCTCA,1,1
17814-27-20160125,q24,GAGGGGG,1,1
17814-27-20160125,q24,GGACGCG,1,1
17814-27-20160125,q24,GGCGGCG,1,1
17814-27-20160125,q24,GTGGAAT,1,1
17814-27-20160125,q24,TCCCGTG,1,1
17814-27-20160125,q24,TCTCTCA,1,1
17814-27-20160125,q24,TCTTAGC,1,1
17814-27-20160125,q24,TTGCAAG,1,1
17814-27-20160125,q25,AGCATTT,1,1
17814-27-20160125,q25,ATGTGTG,1,1
17814-27-20160125,q25,CAGTGGT,1,1
17814-27-20160125,q25,CCATCAC,1,1
17814-27-20160125,q25,CTGTTTC,1,1
17814-27-20160125,q25,GCAGCGG,1,1
17814-27-20160125,q25,GCCAGCG,1,1
17814-27-20160125,q25,GCGTTTG,1,1
17814-27-20160125,q25,GGGCGGA,1,1
17814-27-20160125,q25,GGGTAGC,1,1
17814-27-20160125,q25,GGGTGCA,1,1
17814-27-20160125,q25,GTAGATC,1,1
17814-27-20160125,q25,GTTTAGG,1,1
17814-27-20160125,q25,GTTTTTT,1,1
17814-27-20160125,q25,TATGTTG,1,1
17814-27-20160125,q25,TCTGCCG,1,1
17814-27-20160125,q26,ACGAGCA,1,1
17814-27-20160125,q26,ATCGGTG,1,1
17814-27-20160125,q26,CCTTATC,1,1
17814-27-20160125,q26,CGCCCAC,1,1
17814-27-20160125,q26,CGGCCTA,1,1
17814-27-20160125,q26,CTTCAAC,1,1
17814-27-20160125,q26,GAGCAAA,1,1
17814-27-20160125,q26,GCGTTAT,1,1
17814-27-20160125,q26,GGATCCC,1,1
17814-27-20160125,q26,GGGGCCG,1,1
17814-27-20160125,q26,GGGTTTT,1,1
17814-27-20160125,q26,TCTATTA,1,1
17814-27-20160125,q26,TCTCCTG,1,1
17814-27-20160125,q27,AACGTAG,1,1
17814-27-20160125,q27,AAGAGAT,1,1
17814-27-20160125,q27,AGGTTAG,1,1
17814-27-20160125,q27,AGTTGAG,1,1
17814-27-20160125,q27,CATTATG,1,1
17814-27-20160125,q27,CGCAGTG,1,1
17814-27-20160125,q27,CTAGTCT,1,1
17814-27-20160125,q27,GCAGACG,1,1
17814-27-20160125,q27,GCGAAGG,1,1
17814-27-20160125,q27,GCGCATG,1,1
17814-27-20160125,q27,GCGTGTT,1,1
17814-27-20160125,q27,GGCAAAG,1,1
17814-27-20160125,q27,GGCTGTG,1,1
17814-27-20160125,q27,GGGCGGG,1,1
17814-27-20160125,q27,GGGGAGC,1,1
17814-27-20160125,q27,GGGGGAC,1,1
17814-27-20160125,q27,GGGGGGC,1,1
17814-27-20160125,q27,GGGGTGG,1,1
17814-27-20160125,q27,GGGTCAT,1,1
17814-27-20160125,q27,GTAAGGA,1,1
17814-27-20160125,q27,GTAGGCG,1,1
17814-27-20160125,q27,GTCCTGA,1,1
17814-27-20160125,q27,GTCGACC,1,1
17814-27-20160125,q27,GTCTGGT,1,1
17814-27-20160125,q27,GTGGAGC,1,1
17814-27-20160125,q27,GTGGCGG,1,1
17814-27-20160125,q27,TAGCGAA,1,1
17814-27-20160125,q27,TCGTGGC,1,1
17814-02-20151125,q24,GGCGGGT,26038,28037
17814-02-20151125,q24,GGCTGGT,35,35
17814-02-20151125,q24,GGCAGGT,29,29
17814-02-20151125,q24,GGCGAGT,26,26
17814-02-20151125,q24,GGCGTGT,25,25
17814-02-20151125,q24,GGTGGGT,21,21
17814-02-20151125,q24,GGCGGAT,19,19
17814-02-20151125,q19,AAAGCCG,16,16
17814-02-20151125,q23,TCATCCA,10,10
17814-02-20151125,q24,GACGGGT,10,10
17814-02-20151125,q24,GGCGGGC,10,10
17814-02-20151125,q24,GGCGGTT,9,9
17814-02-20151125,q23,GGCGGGT,7,7
17814-02-20151125,q24,AGCGGGT,4,4
17814-02-20151125,q24,AAAGCCG,3,3
17814-02-20151125,q23,AAAGCCG,2,2
17814-02-20151125,q23,CACCCTT,2,2
17814-02-20151125,q24,GTCGGGT,2,2
17814-02-20151125,q24,TGCGGGT,2,2
17814-02-20151125,q19,ATTATAC,1,1
17814-02-20151125,q19,GGCGGGT,1,1
17814-02-20151125,q19,TATGTTC,1,1
17814-02-20151125,q23,CGGCGGT,1,1
17814-02-20151125,q23,TATGTTC,1,1
17814-02-20151125,q24,CGCGGGT,1,1
17814-02-20151125,q24,GGCCGGT,1,1
17814-02-20151125,q24,GGCGCGT,1,1
17814-02-20151125,q24,GGCGGCT,1,1
17814-02-20151125,q24,GGGGGGT,1,1
17814-02-20151125,q24,GTTCCTC,1,1
17814-02-20151125,q24,TCATCCA,1,1
17814-14-20151125,q24,TCGCGAC,216,234
17814-14-20151125,q24,GTGGGGG,177,187
17814-14-20151125,q19,CCTTATT,2,2
17814-14-20151125,q24,GCGGGGG,1,1
17814-14-20151125,q24,TCACGAC,1,1
17814-14-20151125,q24,TCGCAAC,1,1
17814-14-20151125,q24,TCGTGAC,1,1
17814-14-20151125,q27,GAGGAGT,1,1
17814-neg2-20151125,q19,CCTTATT,8,8
17814-neg2-20151125,q19,CGTCCTG,4,4
17814-neg2-20151125,q19,ATGATGG,1,1
17814-neg2-20151125,q19,TATGTTC,1,1
17814-neg2-20151125,q24,GTTCCTC,1,1
17814-neg2-20151125,q24,TTCCGAG,1,1
17814-15-20151125,q23,GCGTCGG,22008,23419
17814-15-20151125,q24,CTATAAA,287,288
17814-15-20151125,q24,GCGTCGG,24,24
17814-15-20151125,q23,GCGTAGG,22,22
17814-15-20151125,q23,GCGTCGA,19,19
17814-15-20151125,q23,GCGTCGT,18,18
17814-15-20151125,q23,GCGTCTG,13,13
17814-15-20151125,q23,GCATCGG,12,12
17814-15-20151125,q23,GCGTCAG,10,10
17814-15-20151125,q23,GCGTTGG,10,10
17814-15-20151125,q23,GCGCCGG,8,8
17814-15-20151125,q23,GTGTCGG,8,8
17814-15-20151125,q23,TTTGGGT,6,6
17814-15-20151125,q23,GCTTCGG,5,5
17814-15-20151125,q23,ACGTCGG,4,4
17814-15-20151125,q23,TCGTCGG,4,4
17814-15-20151125,q23,GAGCCGT,3,3
17814-15-20151125,q23,GAGTCGG,2,2
17814-15-20151125,q23,GCGTCGC,2,2
17814-15-20151125,q23,TCATCCA,2,2
17814-15-20151125,q24,CTTGCAA,2,2
17814-15-20151125,q19,GTCTTCA,1,1
17814-15-20151125,q23,ACGTTGG,1,1
17814-15-20151125,q23,CCGTCGG,1,1
17814-15-20151125,q23,CTATAAA,1,1
17814-15-20151125,q23,GCCTCGG,1,1
17814-15-20151125,q23,GCGACGG,1,1
17814-15-20151125,q23,GCGTGGG,1,1
17814-15-20151125,q23,GGGTCGG,1,1
17814-15-20151125,q24,CATGACT,1,1
17814-15-20151125,q24,CTATACA,1,1
17814-15-20151125,q24,TAATCGA,1,1
17814-36-20151125,q23,CACCCTT,33975,37461
17814-36-20151125,q24,TGTTGCT,29181,31640
17814-36-20151125,q19,GTCTTCA,2944,2961
17814-36-20151125,q24,CACCCTT,2716,2730
17814-36-20151125,q23,TGTTGCT,1467,1471
17814-36-20151125,q19,CACCCTT,398,398
17814-36-20151125,q19,TGTTGCT,272,273
17814-36-20151125,q24,GTCTTCA,219,220
17814-36-20151125,q23,GTCTTCA,164,164
17814-36-20151125,q23,CACCCAT,62,62
17814-36-20151125,q24,TGTTACT,61,61
17814-36-20151125,q23,CACACTT,40,40
17814-36-20151125,q24,TGTTTCT,38,38
17814-36-20151125,q23,CACCATT,36,36
17814-36-20151125,q23,CACCCCT,24,24
17814-36-20151125,q23,CACTCTT,20,20
17814-36-20151125,q24,TGTTGCC,18,18
17814-36-20151125,q23,AACCCTT,14,14
17814-36-20151125,q23,CACCTTT,14,14
17814-36-20151125,q24,TGTTGAT,14,14
17814-36-20151125,q24,CACCCCT,12,12
17814-36-20151125,q23,CACCCTA,11,11
17814-36-20151125,q24,TTTTGCT,11,11
17814-36-20151125,q23,CACCCTC,10,10
17814-36-20151125,q23,CATCCTT,10,10
17814-36-20151125,q24,TATCCTT,10,10
17814-36-20151125,q24,TATTGCT,10,10
17814-36-20151125,q23,CTCCCTT,9,9
17814-36-20151125,q23,TACCCTT,9,9
17814-36-20151125,q24,TGTTGTT,9,9
17814-36-20151125,q24,TGTAGCT,8,8
17814-36-20151125,q24,CACCATT,7,7
17814-36-20151125,q23,CAACCTT,6,6
17814-36-20151125,q24,TGATGCT,5,5
17814-36-20151125,q24,TGTCGCT,5,5
17814-36-20151125,q24,TGTTGCA,5,5
17814-36-20151125,q19,GTCATCA,4,4
17814-36-20151125,q24,CACCCTA,4,4
17814-36-20151125,q24,TGCTGCT,4,4
17814-36-20151125,q24,TGTTCCT,4,4
17814-36-20151125,q19,ATGATGG,3,3
17814-36-20151125,q23,CACCCGT,3,3
17814-36-20151125,q23,CACCCTG,3,3
17814-36-20151125,q23,TGTTGCC,3,3
17814-36-20151125,q24,TCTTGCT,3,3
17814-36-20151125,q24,TGGTGCT,3,3
17814-36-20151125,q19,GTATTCA,2,2
17814-36-20151125,q19,GTCTACA,2,2
17814-36-20151125,q19,GTCTCCA,2,2
17814-36-20151125,q19,GTCTTAA,2,2
17814-36-20151125,q19,GTCTTCT,2,2
17814-36-20151125,q19,GTTTTCA,2,2
17814-36-20151125,q23,CGCCCTT,2,2
17814-36-20151125,q24,CACACTT,2,2
17814-36-20151125,q24,CACCCTC,2,2
17814-36-20151125,q24,CGTTGCT,2,2
17814-36-20151125,q24,TGTTGGT,2,2
17814-36-20151125,q19,CACCATT,1,1
17814-36-20151125,q19,GACTTCA,1,1
17814-36-20151125,q19,GCCTTCA,1,1
17814-36-20151125,q19,GGGGATA,1,1
17814-36-20151125,q19,GTCTGCA,1,1
17814-36-20151125,q19,GTCTTGA,1,1
17814-36-20151125,q19,TATCTCG,1,1
17814-36-20151125,q19,TTCTTCA,1,1
17814-36-20151125,q23,ATGATGG,1,1
17814-36-20151125,q23,CACCGTT,1,1
17814-36-20151125,q23,CCCCCTT,1,1
17814-36-20151125,q23,GTCTTCT,1,1
17814-36-20151125,q23,TATCCTT,1,1
17814-36-20151125,q23,TGTAGCT,1,1
17814-36-20151125,q23,TGTTACT,1,1
17814-36-20151125,q23,TGTTCCT,1,1
17814-36-20151125,q23,TGTTGGT,1,1
17814-36-20151125,q24,AACCCTT,1,1
17814-36-20151125,q24,AGTTGCT,1,1
17814-36-20151125,q24,CACCCAT,1,1
17814-36-20151125,q24,CACTCTT,1,1
17814-36-20151125,q24,CAGCCTT,1,1
17814-36-20151125,q24,CATCCTT,1,1
17814-36-20151125,q24,CATGACT,1,1
17814-36-20151125,q24,CCTGGTT,1,1
17814-36-20151125,q24,CTCCCTT,1,1
17814-36-20151125,q24,GTATTCA,1,1
17814-36-20151125,q24,GTCGTCA,1,1
17814-36-20151125,q24,GTCTACA,1,1
17814-36-20151125,q24,GTCTCCA,1,1
17814-36-20151125,q24,GTCTTAA,1,1
17814-36-20151125,q24,TGTGGCT,1,1
17814-19-20160125,q23,TCTCAGA,3,3
17814-19-20160125,q25,TTCCATC,3,3
17814-19-20160125,q19,CCTATAC,2,2
17814-19-20160125,q26,GGACCAA,2,2
17814-19-20160125,q27,CAAGGTT,2,2
17814-19-20160125,q27,GTTCAAA,2,2
17814-19-20160125,q27,GTTGGGC,2,2
17814-19-20160125,q27,TCCAGGC,2,2
17814-19-20160125,q19,AACTGGC,1,1
17814-19-20160125,q19,AATGTCA,1,1
17814-19-20160125,q19,CATGTCG,1,1
17814-19-20160125,q19,CCTGCAG,1,1
17814-19-20160125,q19,CGACGTT,1,1
17814-19-20160125,q19,CGAGGGC,1,1
17814-19-20160125,q19,CGGAGGG,1,1
17814-19-20160125,q19,CGTGCGA,1,1
17814-19-20160125,q19,CTGACAC,1,1
17814-19-20160125,q19,CTTCCTA,1,1
17814-19-20160125,q19,GACTGGG,1,1
17814-19-20160125,q19,GGGCAAC,1,1
17814-19-20160125,q19,GGGGGAG,1,1
17814-19-20160125,q19,GGGTCCG,1,1
17814-19-20160125,q19,GGTTGTG,1,1
17814-19-20160125,q19,GTCCTGT,1,1
17814-19-20160125,q19,TCAAGAT,1,1
17814-19-20160125,q19,TCGTTCT,1,1
17814-19-20160125,q19,TGCCATT,1,1
17814-19-20160125,q19,TGGAGGG,1,1
17814-19-20160125,q19,TGTGTTA,1,1
17814-19-20160125,q19,TTAACTT,1,1
17814-19-20160125,q23,AGGCGTC,1,1
17814-19-20160125,q23,ATGAATG,1,1
17814-19-20160125,q23,ATTTGTG,1,1
17814-19-20160125,q23,GCCCCTC,1,1
17814-19-20160125,q23,GGAAATG,1,1
17814-19-20160125,q23,GGAAGTG,1,1
17814-19-20160125,q23,GGGAGGG,1,1
17814-19-20160125,q23,GGGGTTG,1,1
17814-19-20160125,q23,GGTGGCA,1,1
17814-19-20160125,q23,GTGCTTC,1,1
17814-19-20160125,q23,GTTTGGA,1,1
17814-19-20160125,q23,TAATGTT,1,1
17814-19-20160125,q23,TATATTT,1,1
17814-19-20160125,q23,TCGGTGG,1,1
17814-19-20160125,q23,TTATGAT,1,1
17814-19-20160125,q23,TTGTTCT,1,1
17814-19-20160125,q24,AGGCCGT,1,1
17814-19-20160125,q24,GACCTAG,1,1
17814-19-20160125,q24,GACTTGC,1,1
17814-19-20160125,q24,GCGATGG,1,1
17814-19-20160125,q24,GGGCTTC,1,1
17814-19-20160125,q24,GGTCGCA,1,1
17814-19-20160125,q24,GTTGGCC,1,1
17814-19-20160125,q24,TGAACAT,1,1
17814-19-20160125,q25,AAGGCGA,1,1
17814-19-20160125,q25,ACGGGGG,1,1
17814-19-20160125,q25,AGGTGGC,1,1
17814-19-20160125,q25,AGTCGGG,1,1
17814-19-20160125,q25,CCAGTAT,1,1
17814-19-20160125,q25,CGTCAAT,1,1
17814-19-20160125,q25,CTGTTTT,1,1
17814-19-20160125,q25,CTTCGCA,1,1
17814-19-20160125,q25,GCGCTTT,1,1
17814-19-20160125,q25,GGTGAGA,1,1
17814-19-20160125,q25,TAATGTT,1,1
17814-19-20160125,q25,TATGCCG,1,1
17814-19-20160125,q25,TCGCGCC,1,1
17814-19-20160125,q26,AGAGACA,1,1
17814-19-20160125,q26,CATCACC,1,1
17814-19-20160125,q26,CCGTTGC,1,1
17814-19-20160125,q26,CGCGGTT,1,1
17814-19-20160125,q26,CTGGACT,1,1
17814-19-20160125,q26,CTTATAC,1,1
17814-19-20160125,q26,GGTCGGT,1,1
17814-19-20160125,q26,GGTGGGG,1,1
17814-19-20160125,q26,TTACCGC,1,1
17814-19-20160125,q26,TTCCCAC,1,1
17814-19-20160125,q27,AAGCTGC,1,1
17814-19-20160125,q27,ACAAGTC,1,1
17814-19-20160125,q27,ACGCACG,1,1
17814-19-20160125,q27,AGCGGTG,1,1
17814-19-20160125,q27,ATAGGTT,1,1
17814-19-20160125,q27,CGGTGTT,1,1
17814-19-20160125,q27,CTATGTG,1,1
17814-19-20160125,q27,CTTAAGC,1,1
17814-19-20160125,q27,GCCCTCT,1,1
17814-19-20160125,q27,GCGCGCC,1,1
17814-19-20160125,q27,GCGGGGG,1,1
17814-19-20160125,q27,GCTTTGC,1,1
17814-19-20160125,q27,GGCCCGT,1,1
17814-19-20160125,q27,GGCGGCC,1,1
17814-19-20160125,q27,TCGGGGT,1,1
17814-19-20160125,q27,TCTGGTA,1,1
17814-19-20160125,q27,TTAGTCG,1,1
17814-19-20160125,q27,TTCATCA,1,1
17814-19-20160125,q27,TTCCGGC,1,1
17814-08-20151125,q23,GCGTCGG,23426,25055
17814-08-20151125,q23,GCGTCGT,30,30
17814-08-20151125,q23,GCGTAGG,28,28
17814-08-20151125,q23,GCGTCAG,25,25
17814-08-20151125,q23,GCGTTGG,23,23
17814-08-20151125,q23,GCGTCGA,19,19
17814-08-20151125,q23,GCGTCTG,14,14
17814-08-20151125,q23,GCGCCGG,8,8
17814-08-20151125,q23,GTGTCGG,8,8
17814-08-20151125,q23,ACGTCGG,7,7
17814-08-20151125,q19,CCTTATT,6,6
17814-08-20151125,q23,GCATCGG,6,6
17814-08-20151125,q23,GCTTCGG,6,6
17814-08-20151125,q23,GAGTCGG,5,5
17814-08-20151125,q24,GCGTCGG,5,5
17814-08-20151125,q23,GCGACGG,4,4
17814-08-20151125,q23,CGGCGGT,3,3
17814-08-20151125,q19,CGTCCTG,1,1
17814-08-20151125,q19,GCGTCGG,1,1
17814-08-20151125,q23,CCGTCGG,1,1
17814-08-20151125,q23,CCTTATT,1,1
17814-08-20151125,q23,GCGGCGG,1,1
17814-08-20151125,q23,GCGTCGC,1,1
17814-08-20151125,q23,GCGTGGG,1,1
17814-08-20151125,q23,GCGTTGA,1,1
17814-08-20151125,q23,GGGTCGG,1,1
17814-08-20151125,q24,GGCGGGT,1,1
17814-08-20151125,q24,TCGTCAA,1,1
17814-30-20151125,q27,GGTTGGG,27140,29282
17814-30-20151125,q27,GGTCGGG,26,26
17814-30-20151125,q27,GGTTTGG,20,20
17814-30-20151125,q23,TTTGGGT,19,19
17814-30-20151125,q27,GGTTGAG,16,16
17814-30-20151125,q27,GGTTGGA,15,15
17814-30-20151125,q23,GGTTGGG,13,13
17814-30-20151125,q27,GGTTAGG,13,13
17814-30-20151125,q24,CTTGCAA,10,10
17814-30-20151125,q24,GGTTGGG,10,10
17814-30-20151125,q19,GGTTGGG,9,9
17814-30-20151125,q27,GGTTGGT,9,9
17814-30-20151125,q27,GGTTGTG,9,9
17814-30-20151125,q27,GGTAGGG,6,6
17814-30-20151125,q19,CTTTTGT,5,5
17814-30-20151125,q19,CGTCCTG,4,4
17814-30-20151125,q27,GATTGGG,4,4
17814-30-20151125,q27,TGTTGGG,3,3
17814-30-20151125,q19,TTTGGGT,2,2
17814-30-20151125,q23,CGGCGGT,2,2
17814-30-20151125,q23,CGTGATG,2,2
17814-30-20151125,q27,AGTTGGG,2,2
17814-30-20151125,q27,GGTTCGG,2,2
17814-30-20151125,q19,ACCGGCG,1,1
17814-30-20151125,q19,CACCCTT,1,1
17814-30-20151125,q19,CGGCGGC,1,1
17814-30-20151125,q19,GTCTTCA,1,1
17814-30-20151125,q24,CTTTTGT,1,1
17814-30-20151125,q24,TTTGGGT,1,1
17814-30-20151125,q27,CGTGATG,1,1
17814-30-20151125,q27,GCTTGGG,1,1
17814-30-20151125,q27,GGCTGGG,1,1
17814-30-20151125,q27,GGGTGGG,1,1
17814-30-20151125,q27,GGTTGCG,1,1
17814-30-20151125,q27,GGTTGGC,1,1
17814-14-20160125,q24,GCGTACG,58,58
17814-14-20160125,q24,TTTGGGA,37,37
17814-14-20160125,q24,TCAGGCT,13,13
17814-14-20160125,q19,CTCCGTT,10,10
17814-14-20160125,q19,TTTGGGA,5,5
17814-14-20160125,q19,CTGACAC,4,4
17814-14-20160125,q24,GTGCATG,3,3
17814-14-20160125,q27,CGGGGGG,3,3
17814-14-20160125,q19,GAGAATT,2,2
17814-14-20160125,q19,GCACCCG,2,2
17814-14-20160125,q19,GGTACCT,2,2
17814-14-20160125,q19,GTGAGGT,2,2
17814-14-20160125,q19,TCGCCCG,2,2
17814-14-20160125,q23,GAGAGCA,2,2
17814-14-20160125,q23,GGTCGGC,2,2
17814-14-20160125,q24,CTAGTTT,2,2
17814-14-20160125,q24,GTGAGGT,2,2
17814-14-20160125,q24,TCCTATT,2,2
17814-14-20160125,q25,CGCCACT,2,2
17814-14-20160125,q25,GCCGGGC,2,2
17814-14-20160125,q26,CGTCAGT,2,2
17814-14-20160125,q26,TTGTTTT,2,2
17814-14-20160125,q27,CCTAGTG,2,2
17814-14-20160125,q27,GCGGTGG,2,2
17814-14-20160125,q27,TAAGGCA,2,2
17814-14-20160125,q27,TGAGCGC,2,2
17814-14-20160125,q27,TGGTGTG,2,2
17814-14-20160125,q27,TGGTTGT,2,2
17814-14-20160125,q27,TTCCTCA,2,2
17814-14-20160125,q19,AAATCCC,1,1
17814-14-20160125,q19,AAGGATT,1,1
17814-14-20160125,q19,AGACGGG,1,1
17814-14-20160125,q19,AGAGGCC,1,1
17814-14-20160125,q19,ATGCCAC,1,1
17814-14-20160125,q19,CAGGATT,1,1
17814-14-20160125,q19,CCAATAT,1,1
17814-14-20160125,q19,CGGCTGA,1,1
17814-14-20160125,q19,CTATGTC,1,1
17814-14-20160125,q19,CTGCTTG,1,1
17814-14-20160125,q19,GAAATTC,1,1
17814-14-20160125,q19,GACAGGC,1,1
17814-14-20160125,q19,GACGAAT,1,1
17814-14-20160125,q19,GCAATGA,1,1
17814-14-20160125,q19,GCGTACG,1,1
17814-14-20160125,q19,GCTAAGG,1,1
17814-14-20160125,q19,GGAGGGG,1,1
17814-14-20160125,q19,GGTCGGG,1,1
17814-14-20160125,q19,GTACCGT,1,1
17814-14-20160125,q19,GTTGTGT,1,1
17814-14-20160125,q19,TAGAGAC,1,1
17814-14-20160125,q19,TCCACGT,1,1
17814-14-20160125,q19,TGGCTGT,1,1
17814-14-20160125,q19,TGGTGGT,1,1
17814-14-20160125,q19,TGTCGTC,1,1
17814-14-20160125,q19,TTATCTG,1,1
17814-14-20160125,q19,TTTAAGT,1,1
17814-14-20160125,q23,AACGGTA,1,1
17814-14-20160125,q23,ACGCGAC,1,1
17814-14-20160125,q23,ACGGCCT,1,1
17814-14-20160125,q23,ACGTTTT,1,1
17814-14-20160125,q23,CAAGCAA,1,1
17814-14-20160125,q23,CACTTTT,1,1
17814-14-20160125,q23,CAGGTAA,1,1
17814-14-20160125,q23,CAGTCGG,1,1
17814-14-20160125,q23,CCGCGTA,1,1
17814-14-20160125,q23,CCTAGCC,1,1
17814-14-20160125,q23,CGACTGG,1,1
17814-14-20160125,q23,CGGGCGG,1,1
17814-14-20160125,q23,GGGCTTG,1,1
17814-14-20160125,q23,GGGGGCG,1,1
17814-14-20160125,q23,GTTTGCG,1,1
17814-14-20160125,q23,TAAATGT,1,1
17814-14-20160125,q23,TGACGCT,1,1
17814-14-20160125,q23,TGGACCC,1,1
17814-14-20160125,q23,TGTATCT,1,1
17814-14-20160125,q23,TTCCTCG,1,1
17814-14-20160125,q24,ATGCGGG,1,1
17814-14-20160125,q24,CTCGGGA,1,1
17814-14-20160125,q24,CTGACAC,1,1
17814-14-20160125,q24,CTTGTAG,1,1
17814-14-20160125,q24,GAGAGGC,1,1
17814-14-20160125,q24,GATTGGT,1,1
17814-14-20160125,q24,GATTTGT,1,1
17814-14-20160125,q24,GGTCGGG,1,1
17814-14-20160125,q24,GTGGTCA,1,1
17814-14-20160125,q24,TGTCATC,1,1
17814-14-20160125,q24,TTCGTAT,1,1
17814-14-20160125,q24,TTGTAGG,1,1
17814-14-20160125,q24,TTTGGTG,1,1
17814-14-20160125,q25,CCTCATA,1,1
17814-14-20160125,q25,CGCTTTT,1,1
17814-14-20160125,q25,CTGACCG,1,1
17814-14-20160125,q25,GACTGGT,1,1
17814-14-20160125,q25,GAGCCGG,1,1
17814-14-20160125,q25,GAGGCGC,1,1
17814-14-20160125,q25,GATCGTT,1,1
17814-14-20160125,q25,GGCGACC,1,1
17814-14-20160125,q25,GGGAAGT,1,1
17814-14-20160125,q25,GGTTGGC,1,1
17814-14-20160125,q25,GTTGGTC,1,1
17814-14-20160125,q25,TAGAATG,1,1
17814-14-20160125,q25,TCCTCTC,1,1
17814-14-20160125,q25,TGATTCT,1,1
17814-14-20160125,q25,TTTGGGA,1,1
17814-14-20160125,q25,TTTTCGC,1,1
17814-14-20160125,q26,AATAGTC,1,1
17814-14-20160125,q26,ATTTTTG,1,1
17814-14-20160125,q26,CAAATTA,1,1
17814-14-20160125,q26,CCGTATA,1,1
17814-14-20160125,q26,CCGTGGC,1,1
17814-14-20160125,q26,CTCTGTC,1,1
17814-14-20160125,q26,CTGGAGG,1,1
17814-14-20160125,q26,GAGGAAC,1,1
17814-14-20160125,q26,GTTGAGC,1,1
17814-14-20160125,q26,TCGCTCG,1,1
17814-14-20160125,q26,TCTGACT,1,1
17814-14-20160125,q26,TGTCATT,1,1
17814-14-20160125,q26,TTCGGGG,1,1
17814-14-20160125,q26,TTTGTCT,1,1
17814-14-20160125,q27,ACCTGTG,1,1
17814-14-20160125,q27,AGATTTA,1,1
17814-14-20160125,q27,AGTTGAT,1,1
17814-14-20160125,q27,AGTTTGG,1,1
17814-14-20160125,q27,ATACCTT,1,1
17814-14-20160125,q27,ATCGTAC,1,1
17814-14-20160125,q27,ATGGCAA,1,1
17814-14-20160125,q27,CAAGGGA,1,1
17814-14-20160125,q27,CACCCGC,1,1
17814-14-20160125,q27,CACCTCG,1,1
17814-14-20160125,q27,CATTAGG,1,1
17814-14-20160125,q27,CGCCATC,1,1
17814-14-20160125,q27,CGCTTAG,1,1
17814-14-20160125,q27,CGCTTGT,1,1
17814-14-20160125,q27,CGTCCGG,1,1
17814-14-20160125,q27,CGTGGCG,1,1
17814-14-20160125,q27,CTGCATT,1,1
17814-14-20160125,q27,CTGGTTC,1,1
17814-14-20160125,q27,CTTCACC,1,1
17814-14-20160125,q27,CTTTGCT,1,1
17814-14-20160125,q27,GACATAA,1,1
17814-14-20160125,q27,GACTGCC,1,1
17814-14-20160125,q27,GCCAAGG,1,1
17814-14-20160125,q27,GCGATGC,1,1
17814-14-20160125,q27,GCGCGAA,1,1
17814-14-20160125,q27,GCTTTAT,1,1
17814-14-20160125,q27,GGTAGGG,1,1
17814-14-20160125,q27,GGTTAGG,1,1
17814-14-20160125,q27,GGTTAGT,1,1
17814-14-20160125,q27,GTACTCT,1,1
17814-14-20160125,q27,GTCCGGT,1,1
17814-14-20160125,q27,GTGCCAT,1,1
17814-14-20160125,q27,GTGGATT,1,1
17814-14-20160125,q27,GTTATTT,1,1
17814-14-20160125,q27,TCCCCGC,1,1
17814-14-20160125,q27,TCGGTAC,1,1
17814-14-20160125,q27,TTGATGT,1,1
17814-14-20160125,q27,TTTTCGA,1,1
17814-23-20151125,q24,CGGTGTG,352,530
17814-23-20151125,q24,GTTTTCA,189,275
17814-23-20151125,q19,CATCGTC,166,256
17814-23-20151125,q27,GGTGTTA,146,219
17814-23-20151125,q24,CTTGCAA,55,79
17814-23-20151125,q19,CCTCGTC,11,11
17814-23-20151125,q23,CGGCGGT,5,7
17814-23-20151125,q25,GGAGCCA,4,5
17814-23-20151125,q19,CATCATC,3,3
17814-23-20151125,q24,GATTCGG,3,3
17814-23-20151125,q19,CATTGTC,2,2
17814-23-20151125,q25,AGTCGAG,1,4
17814-23-20151125,q24,CGATGTG,1,1
17814-23-20151125,q24,CGGTATG,1,1
17814-23-20151125,q24,CGGTGCG,1,1
17814-23-20151125,q24,CGGTGTA,1,1
17814-23-20151125,q24,GCTTCGG,1,1
17814-23-20151125,q24,GGTGTTA,1,1
17814-23-20151125,q26,GAGGAGT,1,1
17814-23-20151125,q26,TTTAGGG,1,1
17814-23-20151125,q27,CATCGTC,1,1
17814-23-20151125,q27,GGTATTA,1,1
17814-23-20151125,q27,GGTGTCA,1,1
17814-33-20160125,q19,GTGAGGT,1,1
17814-33-20160125,q25,CTCCGTT,1,1
17814-04-20151125,q24,CCTGGTT,25974,27959
17814-04-20151125,q24,CCTGATT,29,29
17814-04-20151125,q24,CCTGTTT,21,21
17814-04-20151125,q24,CCAGGTT,18,18
17814-04-20151125,q24,CCTTGTT,18,18
17814-04-20151125,q24,CCTGGTC,10,10
17814-04-20151125,q24,CCTAGTT,9,9
17814-04-20151125,q24,CTTGGTT,9,9
17814-04-20151125,q24,TATCCTT,8,8
17814-04-20151125,q24,CATGGTT,7,7
17814-04-20151125,q24,TCTGGTT,7,7
17814-04-20151125,q24,CCTGGCT,5,5
17814-04-20151125,q19,CCTGGTT,4,4
17814-04-20151125,q23,CCTGGTT,4,4
17814-04-20151125,q24,CCCGGTT,4,4
17814-04-20151125,q23,CACCCTT,3,3
17814-04-20151125,q19,ATGATGG,2,2
17814-04-20151125,q24,CACCCTT,2,2
17814-04-20151125,q24,CCTGGTA,2,2
17814-04-20151125,q19,TATCTCG,1,1
17814-04-20151125,q19,TGTTGCT,1,1
17814-04-20151125,q23,CGGCGGT,1,1
17814-04-20151125,q24,CGTGGTT,1,1
17814-04-20151125,q24,GGCGGGT,1,1
17814-04-20151125,q24,TAATCGA,1,1
17814-04-20151125,q25,CCTGGTT,1,1
17814-19-20151125,q24,CGGTGTG,392,567
17814-19-20151125,q24,CTTGCAA,135,216
17814-19-20151125,q24,GCGTACG,91,141
17814-19-20151125,q23,CGGCGGT,50,71
17814-19-20151125,q25,CGTGAAC,36,54
17814-19-20151125,q19,TTCATTC,18,28
17814-19-20151125,q24,CAGAAGT,10,10
17814-19-20151125,q19,GGGCGGC,6,6
17814-19-20151125,q24,CGGTATG,3,3
17814-19-20151125,q24,CTTACAA,3,3
17814-19-20151125,q25,GGAGCCA,3,3
17814-19-20151125,q26,CATATAT,3,3
17814-19-20151125,q27,CGCATAG,3,3
17814-19-20151125,q24,CATATAT,2,2
17814-19-20151125,q24,GGGCGGC,2,2
17814-19-20151125,q19,CAGAAGT,1,1
17814-19-20151125,q19,GGAGCCA,1,1
17814-19-20151125,q24,ATTCGCT,1,1
17814-19-20151125,q24,CCAGTTG,1,1
17814-19-20151125,q24,CGCATAG,1,1
17814-19-20151125,q24,CGGCGTG,1,1
17814-19-20151125,q24,CGGTTTG,1,1
17814-19-20151125,q24,GCGTACA,1,1
17814-10-20151125,q23,CACCCTT,32715,36017
17814-10-20151125,q23,TCATCCA,500,500
17814-10-20151125,q23,CACCATT,56,56
17814-10-20151125,q23,CACCCAT,48,48
17814-10-20151125,q23,CACACTT,42,42
17814-10-20151125,q23,CACCCCT,21,21
17814-10-20151125,q19,ATTATAC,17,17
17814-10-20151125,q24,CACCCTT,17,17
17814-10-20151125,q23,CACCCTC,12,12
17814-10-20151125,q23,CATCCTT,12,12
17814-10-20151125,q19,AAAGCCG,11,11
17814-10-20151125,q23,CACTCTT,10,10
17814-10-20151125,q23,AACCCTT,9,9
17814-10-20151125,q23,TACCCTT,9,9
17814-10-20151125,q23,CACCTTT,8,8
17814-10-20151125,q23,CACCCGT,6,6
17814-10-20151125,q23,CAACCTT,5,5
17814-10-20151125,q23,CACCCTA,5,5
17814-10-20151125,q19,CACCCTT,4,4
17814-10-20151125,q23,CTCCCTT,2,2
17814-10-20151125,q24,AAAGCCG,2,2
17814-10-20151125,q19,AAAGCTG,1,1
17814-10-20151125,q23,ATTATAC,1,1
17814-10-20151125,q23,CACTATT,1,1
17814-10-20151125,q23,CTCCCCT,1,1
17814-10-20151125,q23,GGCGGGT,1,1
17814-10-20151125,q23,TCACCCA,1,1
17814-10-20151125,q23,TCATCAA,1,1
17814-10-20151125,q23,TCATCCC,1,1
17814-10-20151125,q23,TCATTCA,1,1
17814-10-20151125,q24,GTTCCTC,1,1
17814-10-20151125,q26,CCGCCTA,1,1
17814-10-20151125,q27,CACCCTT,1,1
17814-12-20151125,q24,TAATCGA,24459,26237
17814-12-20151125,q19,GTCTTCA,2298,2313
17814-12-20151125,q19,TAATCGA,367,367
17814-12-20151125,q24,GTCTTCA,275,275
17814-12-20151125,q24,TAATCGT,19,19
17814-12-20151125,q24,TAATCAA,17,17
17814-12-20151125,q24,TAATTGA,11,11
17814-12-20151125,q24,TAACCGA,10,10
17814-12-20151125,q23,TAATCGA,8,8
17814-12-20151125,q24,TAATAGA,7,7
17814-12-20151125,q24,TAATCTA,6,6
17814-12-20151125,q24,TATCCTT,6,6
17814-12-20151125,q24,CAATCGA,5,5
17814-12-20151125,q24,TAAACGA,5,5
17814-12-20151125,q24,TAATCGG,5,5
17814-12-20151125,q19,GTCATCA,3,3
17814-12-20151125,q19,GTCTTAA,3,3
17814-12-20151125,q23,CACCCTT,3,3
17814-12-20151125,q24,TGATCGA,3,3
17814-12-20151125,q24,TTATCGA,3,3
17814-12-20151125,q19,ATGATGG,2,2
17814-12-20151125,q23,GTCTTCA,2,2
17814-12-20151125,q24,TATTCGA,2,2
17814-12-20151125,q19,GTCGTCA,1,1
17814-12-20151125,q19,GTCTACA,1,1
17814-12-20151125,q19,GTCTTTA,1,1
17814-12-20151125,q19,TAATAGA,1,1
17814-12-20151125,q19,TATCCTT,1,1
17814-12-20151125,q19,TATCTCG,1,1
17814-12-20151125,q19,TTCTTCA,1,1
17814-12-20151125,q23,CATGACT,1,1
17814-12-20151125,q24,CCTGGTT,1,1
17814-12-20151125,q24,GTCTTCG,1,1
17814-12-20151125,q24,GTCTTCT,1,1
17814-12-20151125,q24,TAATCCA,1,1
17814-12-20151125,q24,TAGTCGA,1,1
17814-12-20151125,q24,TCATCCA,1,1
17814-12-20151125,q24,TGTTGCT,1,1
17814-22-20151125,q19,GTCTTCA,19038,20091
17814-22-20151125,q19,GTCTCCA,18,18
17814-22-20151125,q23,GTCTTCA,15,15
17814-22-20151125,q19,GTCATCA,10,10
17814-22-20151125,q24,GTCTTCA,10,10
17814-22-20151125,q19,GTCTTCT,8,8
17814-22-20151125,q23,TTTGGGT,8,8
17814-22-20151125,q19,GTCCTCA,5,5
17814-22-20151125,q19,GTCTACA,5,5
17814-22-20151125,q19,GTCGTCA,4,4
17814-22-20151125,q19,GTCTTAA,3,3
17814-22-20151125,q19,GTCTTTA,3,3
17814-22-20151125,q19,GCCTTCA,2,2
17814-22-20151125,q19,GTCTTCG,2,2
17814-22-20151125,q19,ATCTTCA,1,1
17814-22-20151125,q19,GACTTCA,1,1
17814-22-20151125,q19,GTTTTCA,1,1
17814-22-20151125,q23,CGACGGT,1,1
17814-22-20151125,q23,CGTGATG,1,1
17814-22-20151125,q23,GGTTGGG,1,1
17814-22-20151125,q23,GTTGCCG,1,1
17814-22-20151125,q24,CGGCGGT,1,1
17814-18-20151125,q23,GCGTCGG,18485,19420
17814-18-20151125,q23,GCGTCGA,19,19
17814-18-20151125,q23,GCGTTGG,16,16
17814-18-20151125,q23,GCATCGG,12,12
17814-18-20151125,q23,GCGCCGG,11,11
17814-18-20151125,q19,AAAGCCG,10,10
17814-18-20151125,q23,GCGTCAG,8,8
17814-18-20151125,q23,GCGTCGT,7,7
17814-18-20151125,q23,GCGTCTG,7,7
17814-18-20151125,q23,GCGTAGG,6,6
17814-18-20151125,q24,GCGTCGG,4,4
17814-18-20151125,q23,TCATCCA,3,3
17814-18-20151125,q23,GCGACGG,2,2
17814-18-20151125,q23,GCTTCGG,2,2
17814-18-20151125,q23,GTGTCGG,2,2
17814-18-20151125,q19,GCGTCGG,1,1
17814-18-20151125,q19,TATCTCG,1,1
17814-18-20151125,q19,TCATCCA,1,1
17814-18-20151125,q23,AAAGCCG,1,1
17814-18-20151125,q23,ACGTCGG,1,1
17814-18-20151125,q23,GAGTCGG,1,1
17814-18-20151125,q23,GCATCGA,1,1
17814-18-20151125,q23,GCGTCCG,1,1
17814-18-20151125,q24,GGCGGGT,1,1
17814-18-20151125,q24,GTTCCTC,1,1
17814-18-20151125,q27,GCGTCGG,1,1
17814-20-20151125,q19,TATCTCG,17000,17834
17814-20-20151125,q24,TATCTCG,12,12
17814-20-20151125,q19,TATCTCA,8,8
17814-20-20151125,q19,TATCACG,7,7
17814-20-20151125,q19,TATCCCG,7,7
17814-20-20151125,q19,TATCTAG,6,6
17814-20-20151125,q23,TATCTCG,5,5
17814-20-20151125,q19,TAACTCG,3,3
17814-20-20151125,q19,TATCTCT,3,3
17814-20-20151125,q19,TATCTTG,3,3
17814-20-20151125,q19,ATGATGG,2,2
17814-20-20151125,q19,TATATCG,2,2
17814-20-20151125,q19,TATTTCG,2,2
17814-20-20151125,q19,CATCTCG,1,1
17814-20-20151125,q19,TATCCCT,1,1
17814-20-20151125,q19,TATCGCG,1,1
17814-20-20151125,q19,TTTATTC,1,1
17814-20-20151125,q24,CCTGGTT,1,1
17814-20-20151125,q24,TATCCTT,1,1
17814-31-20160125,q19,TCGAGTG,9,9
17814-31-20160125,q19,CTCCGTT,7,7
17814-31-20160125,q24,CTCCGTT,7,7
17814-31-20160125,q24,TCGAGTG,4,4
17814-31-20160125,q24,TTTGGGA,3,3
17814-31-20160125,q19,TTGCTGA,2,2
17814-31-20160125,q25,AACCCCC,2,2
17814-31-20160125,q19,CAAATTC,1,1
17814-31-20160125,q19,CGATGTT,1,1
17814-31-20160125,q19,CGCGAGC,1,1
17814-31-20160125,q19,CGTCGGA,1,1
17814-31-20160125,q19,CTGTTAT,1,1
17814-31-20160125,q19,CTTCCTG,1,1
17814-31-20160125,q19,GAGGGGG,1,1
17814-31-20160125,q19,GCGGCGC,1,1
17814-31-20160125,q19,GCTTATG,1,1
17814-31-20160125,q19,GGGGTAT,1,1
17814-31-20160125,q19,GGTCCAG,1,1
17814-31-20160125,q19,GGTCTTG,1,1
17814-31-20160125,q19,GGTTTCA,1,1
17814-31-20160125,q19,GGTTTTC,1,1
17814-31-20160125,q19,GTTCATT,1,1
17814-31-20160125,q19,GTTGTCC,1,1
17814-31-20160125,q19,TAACCAG,1,1
17814-31-20160125,q19,TCAGCCC,1,1
17814-31-20160125,q19,TCTTGTC,1,1
17814-31-20160125,q19,TGATACT,1,1
17814-31-20160125,q19,TTACGTT,1,1
17814-31-20160125,q19,TTATTGG,1,1
17814-31-20160125,q23,ACTGATT,1,1
17814-31-20160125,q23,ATGTAAC,1,1
17814-31-20160125,q23,ATTAACC,1,1
17814-31-20160125,q23,CAGATTC,1,1
17814-31-20160125,q23,CGGATCA,1,1
17814-31-20160125,q23,CGGCTCC,1,1
17814-31-20160125,q23,GCCCAGG,1,1
17814-31-20160125,q23,GGACGGA,1,1
17814-31-20160125,q23,GGGCGTA,1,1
17814-31-20160125,q23,GTTCGGC,1,1
17814-31-20160125,q23,TCGTTAT,1,1
17814-31-20160125,q24,ACGCTGA,1,1
17814-31-20160125,q24,CCCATAC,1,1
17814-31-20160125,q24,CGCTTCT,1,1
17814-31-20160125,q24,CTACGGG,1,1
17814-31-20160125,q24,GGTGGGT,1,1
17814-31-20160125,q24,TGAATGG,1,1
17814-31-20160125,q24,TTGCGGG,1,1
17814-31-20160125,q25,CGAGTTA,1,1
17814-31-20160125,q25,CTTCAGC,1,1
17814-31-20160125,q25,GGAAACA,1,1
17814-31-20160125,q25,GGGGGGG,1,1
17814-31-20160125,q25,GTCCTCG,1,1
17814-31-20160125,q25,TATTCTA,1,1
17814-31-20160125,q25,TCGAGTG,1,1
17814-31-20160125,q25,TCTGAAA,1,1
17814-31-20160125,q25,TTCAGTA,1,1
17814-31-20160125,q25,TTCGGGG,1,1
17814-31-20160125,q26,ATCAGCC,1,1
17814-31-20160125,q26,ATTTTAT,1,1
17814-31-20160125,q26,CCATTGA,1,1
17814-31-20160125,q26,CTGTCTA,1,1
17814-31-20160125,q26,CTTTTCT,1,1
17814-31-20160125,q26,GAGGTCT,1,1
17814-31-20160125,q26,GGCAGGC,1,1
17814-31-20160125,q26,GGTTGGG,1,1
17814-31-20160125,q26,TAGGTGG,1,1
17814-31-20160125,q26,TCGTTTT,1,1
17814-31-20160125,q27,ATGTTGC,1,1
17814-31-20160125,q27,CCCTGCA,1,1
17814-31-20160125,q27,CTCCAGG,1,1
17814-31-20160125,q27,CTCGACG,1,1
17814-31-20160125,q27,CTGATCT,1,1
17814-31-20160125,q27,CTTCTCA,1,1
17814-31-20160125,q27,CTTTTGC,1,1
17814-31-20160125,q27,GAGCCTG,1,1
17814-31-20160125,q27,GATTATA,1,1
17814-31-20160125,q27,GGCCCGG,1,1
17814-31-20160125,q27,GGCGTGT,1,1
17814-31-20160125,q27,GGTAATC,1,1
17814-31-20160125,q27,GGTCGGT,1,1
17814-31-20160125,q27,GTCGAGG,1,1
17814-31-20160125,q27,GTCGGCG,1,1
17814-31-20160125,q27,GTGAAAC,1,1
17814-31-20160125,q27,TAGGGTT,1,1
17814-31-20160125,q27,TCTAAAT,1,1
17814-31-20160125,q27,TGCTGGG,1,1
17814-31-20160125,q27,TGGAACT,1,1
17814-31-20160125,q27,TGGATGT,1,1
17814-16-20151125,q23,CACCCTT,22047,23478
17814-16-20151125,q24,TTCCGAG,40,40
17814-16-20151125,q23,CACCATT,26,26
17814-16-20151125,q23,CACCCAT,24,24
17814-16-20151125,q23,CACACTT,17,17
17814-16-20151125,q23,CACCCCT,16,16
17814-16-20151125,q23,CACCCGT,11,11
17814-16-20151125,q23,CACTCTT,9,9
17814-16-20151125,q24,CACCCTT,8,8
17814-16-20151125,q23,CACCTTT,7,7
17814-16-20151125,q23,CACCCTA,4,4
17814-16-20151125,q23,TCATCCA,4,4
17814-16-20151125,q19,CCTTATT,3,3
17814-16-20151125,q23,AACCCTT,3,3
17814-16-20151125,q23,CACCCTC,3,3
17814-16-20151125,q23,CATCCTT,3,3
17814-16-20151125,q23,TACCCTT,3,3
17814-16-20151125,q19,CACCCTT,2,2
17814-16-20151125,q23,CTCCCTT,2,2
17814-16-20151125,q23,TTTGGGT,2,2
17814-16-20151125,q19,GCGTCGG,1,1
17814-16-20151125,q23,GCGTCGG,1,1
17814-16-20151125,q23,GGTGGTT,1,1
17814-16-20151125,q23,TTCCGAG,1,1
17814-23-20160125,q24,CGGTGTG,24,24
17814-23-20160125,q24,TCGGTTC,14,14
17814-23-20160125,q24,TTTGGGA,8,8
17814-23-20160125,q19,CGTTTCT,5,5
17814-23-20160125,q24,CTGCTTG,5,5
17814-23-20160125,q19,CTGCTTG,4,4
17814-23-20160125,q19,AGGTGCA,3,3
17814-23-20160125,q19,ACTTGCC,2,2
17814-23-20160125,q19,CATCTGC,2,2
17814-23-20160125,q25,TAACATT,2,2
17814-23-20160125,q25,TACCAGG,2,2
17814-23-20160125,q25,TCTCACT,2,2
17814-23-20160125,q25,TTTTTGA,2,2
17814-23-20160125,q27,ACGGGTG,2,2
17814-23-20160125,q27,CGAATCG,2,2
17814-23-20160125,q27,CGTCACC,2,2
17814-23-20160125,q27,TGGAGAT,2,2
17814-23-20160125,q27,TTATAGA,2,2
17814-23-20160125,q19,ACTTTGT,1,1
17814-23-20160125,q19,ATCACTT,1,1
17814-23-20160125,q19,CAAGGGA,1,1
17814-23-20160125,q19,CAGACTT,1,1
17814-23-20160125,q19,CGCGACT,1,1
17814-23-20160125,q19,CGGGATG,1,1
17814-23-20160125,q19,CTTGATT,1,1
17814-23-20160125,q19,GACGCGG,1,1
17814-23-20160125,q19,GATTCTC,1,1
17814-23-20160125,q19,GCGAGGT,1,1
17814-23-20160125,q19,GGGGGAT,1,1
17814-23-20160125,q19,GGGGGGG,1,1
17814-23-20160125,q19,GGTATCT,1,1
17814-23-20160125,q19,GGTCGGA,1,1
17814-23-20160125,q19,GTACATC,1,1
17814-23-20160125,q19,GTCATTG,1,1
17814-23-20160125,q19,TACCTGC,1,1
17814-23-20160125,q19,TACGTCT,1,1
17814-23-20160125,q19,TAGTCAT,1,1
17814-23-20160125,q19,TCCCCGG,1,1
17814-23-20160125,q19,TGGTCAC,1,1
17814-23-20160125,q19,TGGTGTG,1,1
17814-23-20160125,q19,TGTCTTC,1,1
17814-23-20160125,q19,TTCTGTA,1,1
17814-23-20160125,q19,TTTTTCT,1,1
17814-23-20160125,q23,AAGCTAT,1,1
17814-23-20160125,q23,AGAGGGT,1,1
17814-23-20160125,q23,CAAATTT,1,1
17814-23-20160125,q23,CAGCCAG,1,1
17814-23-20160125,q23,CGCTATT,1,1
17814-23-20160125,q23,CTATTAT,1,1
17814-23-20160125,q23,CTCGTGG,1,1
17814-23-20160125,q23,GAAATAC,1,1
17814-23-20160125,q23,GGATTTC,1,1
17814-23-20160125,q23,GTTCCCG,1,1
17814-23-20160125,q23,TACAACT,1,1
17814-23-20160125,q23,TAGGGGG,1,1
17814-23-20160125,q23,TGTGGTA,1,1
17814-23-20160125,q24,AAACCCT,1,1
17814-23-20160125,q24,AACGTCC,1,1
17814-23-20160125,q24,AAGGGTG,1,1
17814-23-20160125,q24,CAGGGTC,1,1
17814-23-20160125,q24,CGGCGTG,1,1
17814-23-20160125,q24,CGGGGTC,1,1
17814-23-20160125,q24,CTCCTGA,1,1
17814-23-20160125,q24,GACCGTT,1,1
17814-23-20160125,q24,GCAGGTC,1,1
17814-23-20160125,q24,TAGCTGT,1,1
17814-23-20160125,q24,TATGGTC,1,1
17814-23-20160125,q25,AGGACGC,1,1
17814-23-20160125,q25,AGTCTAT,1,1
17814-23-20160125,q25,ATGGTTA,1,1
17814-23-20160125,q25,ATGTGAT,1,1
17814-23-20160125,q25,CGGCCAC,1,1
17814-23-20160125,q25,CGGCTAT,1,1
17814-23-20160125,q25,GAGGAGT,1,1
17814-23-20160125,q25,GGCTATG,1,1
17814-23-20160125,q25,GGGGCCT,1,1
17814-23-20160125,q25,TCCCACA,1,1
17814-23-20160125,q25,TGTCTTG,1,1
17814-23-20160125,q25,TTCTGAG,1,1
17814-23-20160125,q25,TTCTGAT,1,1
17814-23-20160125,q25,TTTTAGA,1,1
17814-23-20160125,q26,CACACTG,1,1
17814-23-20160125,q26,CAGTCGT,1,1
17814-23-20160125,q26,CTGTGGA,1,1
17814-23-20160125,q26,GAGTTCG,1,1
17814-23-20160125,q26,TCGGTTC,1,1
17814-23-20160125,q26,TGAGTGT,1,1
17814-23-20160125,q26,TGGCCAG,1,1
17814-23-20160125,q27,ACATATG,1,1
17814-23-20160125,q27,ACGTGCT,1,1
17814-23-20160125,q27,ACTGATG,1,1
17814-23-20160125,q27,ACTTGCT,1,1
17814-23-20160125,q27,CACACGG,1,1
17814-23-20160125,q27,CCCCTAG,1,1
17814-23-20160125,q27,CGGTTAA,1,1
17814-23-20160125,q27,CGGTTGT,1,1
17814-23-20160125,q27,CTCAAAC,1,1
17814-23-20160125,q27,GAGTGTG,1,1
17814-23-20160125,q27,GCACTTC,1,1
17814-23-20160125,q27,GGAGTTG,1,1
17814-23-20160125,q27,GGGCGAG,1,1
17814-23-20160125,q27,GGTTGAG,1,1
17814-23-20160125,q27,GTCTCTC,1,1
17814-23-20160125,q27,GTCTGTT,1,1
17814-23-20160125,q27,TATTGAA,1,1
17814-23-20160125,q27,TATTTAC,1,1
17814-23-20160125,q27,TGGAAGG,1,1
17814-23-20160125,q27,TGGGCCG,1,1
17814-23-20160125,q27,TGTCCTT,1,1
17814-23-20160125,q27,TTGAGGT,1,1
17814-23-20160125,q27,TTGTGTA,1,1
17814-23-20160125,q27,TTTCAAG,1,1
17814-29-20151125,q27,TTAAACA,22933,24518
17814-29-20151125,q23,TTAAACA,21,21
17814-29-20151125,q24,TTAAACA,8,8
17814-29-20151125,q27,TTGAACA,8,8
17814-29-20151125,q27,CTAAACA,6,6
17814-29-20151125,q27,TTAACCA,6,6
17814-29-20151125,q27,TTAAGCA,5,5
17814-29-20151125,q27,TTAATCA,5,5
17814-29-20151125,q27,TTAGACA,5,5
17814-29-20151125,q19,TTAAACA,4,4
17814-29-20151125,q23,CGGCGGT,4,4
17814-29-20151125,q27,TTACACA,4,4
17814-29-20151125,q19,ACCGGCG,3,3
17814-29-20151125,q24,CATCTGT,2,2
17814-29-20151125,q27,TAAAACA,2,2
17814-29-20151125,q27,TTAAATA,2,2
17814-29-20151125,q23,GATTCGG,1,1
17814-29-20151125,q23,GCGTCGG,1,1
17814-29-20151125,q23,GTTGCCG,1,1
17814-29-20151125,q24,AGACCTC,1,1
17814-29-20151125,q24,CTATAAA,1,1
17814-29-20151125,q24,GGGGGGC,1,1
17814-29-20151125,q24,TCTATCA,1,1
17814-29-20151125,q27,ATAAACA,1,1
17814-29-20151125,q27,TCAAACA,1,1
17814-29-20151125,q27,TTAAAAA,1,1
17814-29-20151125,q27,TTAAACT,1,1
17814-29-20151125,q27,TTATACA,1,1
17814-29-20151125,q27,TTCAACA,1,1
17814-11-20151125,q23,GTTCACC,25414,27265
17814-11-20151125,q23,GTTCGCC,29,29
17814-11-20151125,q23,GTTAACC,23,23
17814-11-20151125,q23,GTTCTCC,13,13
17814-11-20151125,q23,GTTCACA,12,12
17814-11-20151125,q24,GTTCACC,11,11
17814-11-20151125,q23,GTTCATC,9,9
17814-11-20151125,q23,GTTTACC,9,9
17814-11-20151125,q23,ATTCACC,6,6
17814-11-20151125,q23,GTTCAAC,6,6
17814-11-20151125,q23,GTTCACT,6,6
17814-11-20151125,q23,GTACACC,5,5
17814-11-20151125,q23,GTTCCCC,5,5
17814-11-20151125,q23,GTCCACC,4,4
17814-11-20151125,q19,GTTCACC,3,3
17814-11-20151125,q23,GCTCACC,3,3
17814-11-20151125,q24,CATGACT,3,3
17814-11-20151125,q23,GATCACC,2,2
17814-11-20151125,q23,GTTGACC,2,2
17814-11-20151125,q23,TTTCACC,2,2
17814-11-20151125,q24,TGTCCCC,2,2
17814-11-20151125,q19,GTCTTCA,1,1
17814-11-20151125,q23,AAAGCCG,1,1
17814-11-20151125,q23,CTTCACC,1,1
17814-11-20151125,q23,GTCTTCA,1,1
17814-11-20151125,q23,TCATCCA,1,1
17814-11-20151125,q24,CTATAAA,1,1
17814-07-20151125,q24,CTTGCAA,31575,34587
17814-07-20151125,q24,CTTACAA,115,115
17814-07-20151125,q24,CTTGCAT,31,31
17814-07-20151125,q24,CTTGTAA,24,24
17814-07-20151125,q24,CTCGCAA,11,11
17814-07-20151125,q24,CTTGCTA,11,11
17814-07-20151125,q23,CTTGCAA,9,9
17814-07-20151125,q24,TTTGCAA,9,9
17814-07-20151125,q24,CTTGCCA,6,6
17814-07-20151125,q24,CTTGCGA,6,6
17814-07-20151125,q24,CATGCAA,5,5
17814-07-20151125,q24,CTAGCAA,5,5
17814-07-20151125,q24,CTTTCAA,5,5
17814-07-20151125,q23,TTTGGGT,4,4
17814-07-20151125,q19,CTTGCAA,3,3
17814-07-20151125,q24,CCTGCAA,3,3
17814-07-20151125,q24,CTTCCAA,3,3
17814-07-20151125,q24,CTTGCAG,3,3
17814-07-20151125,q19,CGTCCTG,2,2
17814-07-20151125,q24,ATTGCAA,2,2
17814-07-20151125,q24,CTTGAAA,2,2
17814-07-20151125,q19,TCATCCA,1,1
17814-07-20151125,q23,TCATCCA,1,1
17814-07-20151125,q24,CTGGCAA,1,1
17814-07-20151125,q24,CTTGCAC,1,1
17814-37-20151125,q23,GTTGCCG,13838,14417
17814-37-20151125,q23,GTTGTCG,39,39
17814-37-20151125,q23,GTTGCCA,37,37
17814-37-20151125,q23,GTTACCG,13,13
17814-37-20151125,q23,GTTGCTG,9,9
17814-37-20151125,q23,GTTGCCT,8,8
17814-37-20151125,q24,GTTGCCG,7,7
17814-37-20151125,q23,GTTTCCG,6,6
17814-37-20151125,q23,GTTGACG,5,5
17814-37-20151125,q23,GTTGCAG,5,5
17814-37-20151125,q19,GTCTTCA,2,2
17814-37-20151125,q19,GTTGCCG,2,2
17814-37-20151125,q23,GTTGCCC,2,2
17814-37-20151125,q24,CATCTGT,2,2
17814-37-20151125,q19,AGACCTC,1,1
17814-37-20151125,q19,GGGGATA,1,1
17814-37-20151125,q19,TATCTCG,1,1
17814-37-20151125,q23,GATGCCG,1,1
17814-37-20151125,q23,GGTGCCG,1,1
17814-37-20151125,q23,GTAGCCG,1,1
17814-37-20151125,q23,GTCGCCG,1,1
17814-37-20151125,q24,CTATAAA,1,1
17814-13-20151125,q24,CTATAAA,14830,15436
17814-13-20151125,q24,CTACAAA,7,7
17814-13-20151125,q23,GCGTCGG,5,5
17814-13-20151125,q24,CTTTAAA,5,5
17814-13-20151125,q19,CTATAAA,4,4
17814-13-20151125,q23,CTATAAA,4,4
17814-13-20151125,q24,CTATTAA,4,4
17814-13-20151125,q24,TTATAAA,4,4
17814-13-20151125,q23,ACCGGCG,3,3
17814-13-20151125,q24,CCATAAA,2,2
17814-13-20151125,q24,CTATCAA,2,2
17814-13-20151125,q24,CTATGAA,2,2
17814-13-20151125,q19,ACCGGCG,1,1
17814-13-20151125,q24,ACCAGCG,1,1
17814-13-20151125,q24,CAATAAA,1,1
17814-13-20151125,q24,CTATAAG,1,1
17814-13-20151125,q24,CTATACA,1,1
17814-13-20151125,q24,CTATAGA,1,1
17814-13-20151125,q24,CTATATA,1,1
17814-13-20151125,q24,CTGTAAA,1,1
17814-13-20151125,q24,GATTCGG,1,1
17814-13-20151125,q24,GTGCAGG,1,1
17814-13-20151125,q24,GTTGCCG,1,1
17814-13-20151125,q24,TCTATCA,1,1
17814-06-20151125,q23,CGGCGGT,28220,30638
17814-06-20151125,q23,CGGCAGT,39,39
17814-06-20151125,q23,CGGCGAT,26,26
17814-06-20151125,q23,CGGCTGT,25,25
17814-06-20151125,q23,CGGTGGT,21,21
17814-06-20151125,q23,CGACGGT,17,17
17814-06-20151125,q23,CGGCGGC,14,14
17814-06-20151125,q23,CGGAGGT,13,13
17814-06-20151125,q23,TGGCGGT,12,12
17814-06-20151125,q23,CTGCGGT,9,9
17814-06-20151125,q24,CGGCGGT,9,9
17814-06-20151125,q23,TTTGGGT,8,8
17814-06-20151125,q23,AGGCGGT,7,7
17814-06-20151125,q23,CAGCGGT,6,6
17814-06-20151125,q23,CGTGATG,6,6
17814-06-20151125,q23,CGGCGTT,5,5
17814-06-20151125,q23,CGTCGGT,4,4
17814-06-20151125,q19,CGTCCTG,3,3
17814-06-20151125,q23,CGGCCGT,2,2
17814-06-20151125,q24,CCTGGTT,2,2
17814-06-20151125,q19,CGGCGGT,1,1
17814-06-20151125,q19,CTTTTGT,1,1
17814-06-20151125,q23,CCGCGGT,1,1
17814-06-20151125,q23,CGGCAAT,1,1
17814-06-20151125,q23,CGGCGCT,1,1
17814-06-20151125,q23,CGGCGGA,1,1
17814-06-20151125,q23,CGGCGGG,1,1
17814-06-20151125,q23,CGGGGGT,1,1
17814-06-20151125,q23,GCGTCGG,1,1
17814-06-20151125,q24,CTTTTGT,1,1
17814-06-20151125,q24,GGCGGGT,1,1
17814-06-20151125,q24,TTTGGGT,1,1
17814-06-20151125,q27,CGGCGGT,1,1
17814-06-20151125,q27,GGTTGGG,1,1
17814-06-20151125,q27,TGTACCT,1,1
17814-21-20151125,q24,GATTCGG,21273,22567
17814-21-20151125,q24,GATTCAG,17,17
17814-21-20151125,q24,GATTTGG,16,16
17814-21-20151125,q24,GATTCGA,13,13
17814-21-20151125,q24,GATACGG,11,11
17814-21-20151125,q24,GATTAGG,9,9
17814-21-20151125,q24,GATTCTG,9,9
17814-21-20151125,q24,GATCCGG,6,6
17814-21-20151125,q19,ACCGGCG,4,4
17814-21-20151125,q24,AATTCGG,4,4
17814-21-20151125,q24,GACTCGG,4,4
17814-21-20151125,q24,GATTCGT,4,4
17814-21-20151125,q23,GATTCGG,2,2
17814-21-20151125,q24,GGTTCGG,2,2
17814-21-20151125,q19,GATTCGG,1,1
17814-21-20151125,q19,GTTGCCG,1,1
17814-21-20151125,q24,GAGTCGG,1,1
17814-21-20151125,q24,GATTCCG,1,1
17814-21-20151125,q24,GATTCGC,1,1
17814-21-20151125,q24,GATTGGG,1,1
17814-21-20151125,q24,GGGGGGC,1,1
17814-21-20151125,q27,TTAAACA,1,1
17814-28-20151125,q24,CATGACT,20237,21460
17814-28-20151125,q24,CATAACT,16,16
17814-28-20151125,q24,CATGTCT,13,13
17814-28-20151125,q24,CATTACT,13,13
17814-28-20151125,q24,CATGACC,11,11
17814-28-20151125,q23,CATGACT,5,5
17814-28-20151125,q19,ATGATGG,3,3
17814-28-20151125,q24,CAAGACT,3,3
17814-28-20151125,q24,CATGACA,3,3
17814-28-20151125,q24,CATGGCT,3,3
17814-28-20151125,q24,TATCCTT,3,3
17814-28-20151125,q24,TATGACT,3,3
17814-28-20151125,q19,CATGACT,2,2
17814-28-20151125,q23,CACCCTT,2,2
17814-28-20151125,q24,CATGAAT,2,2
17814-28-20151125,q24,CATGCCT,2,2
17814-28-20151125,q24,CGTGACT,2,2
17814-28-20151125,q23,ATGATGG,1,1
17814-28-20151125,q23,TAATCGA,1,1
17814-28-20151125,q23,TATCTCG,1,1
17814-28-20151125,q24,CACGACT,1,1
17814-28-20151125,q24,CATCACT,1,1
17814-28-20151125,q24,CATGATT,1,1
17814-28-20151125,q24,CCTGACT,1,1
17814-28-20151125,q24,CCTGGTT,1,1
17814-28-20151125,q24,CTTGACT,1,1
17814-28-20151125,q24,TAATCGA,1,1
17814-28-20151125,q24,TGTTGCT,1,1
17814-28-20151125,q27,CATGACT,1,1
17814-31-20151125,q19,CTTAGGC,275,346
17814-31-20151125,q19,GCGTTGG,134,164
17814-31-20151125,q25,GTGCTTG,118,144
17814-31-20151125,q19,TTCATTC,65,83
17814-31-20151125,q24,CGGTGTG,14,20
17814-31-20151125,q23,GTTGCCG,6,7
17814-31-20151125,q19,ATTATAC,4,4
17814-31-20151125,q23,GCGTTGG,2,2
17814-31-20151125,q19,CTTAGAC,1,1
17814-31-20151125,q19,CTTGGGC,1,1
17814-31-20151125,q19,GCGTCGG,1,1
17814-31-20151125,q19,GCGTTGT,1,1
17814-31-20151125,q19,GTGCTTG,1,1
17814-31-20151125,q24,CGGCGTG,1,1
17814-31-20151125,q24,CTTAGGC,1,1
17814-31-20151125,q25,CCCGTCT,1,1
17814-31-20151125,q25,GCGTTGG,1,1
17814-31-20151125,q27,CGCATAG,1,1
17814-09-20151125,q23,GAGCCGT,31349,34325
17814-09-20151125,q23,GAGCCAT,58,58
17814-09-20151125,q23,GAGCAGT,38,38
17814-09-20151125,q23,GAGTCGT,23,23
17814-09-20151125,q23,GAGCCTT,21,21
17814-09-20151125,q23,GAGCTGT,20,20
17814-09-20151125,q23,GAGCCGC,17,17
17814-09-20151125,q23,AAGCCGT,12,12
17814-09-20151125,q23,GAACCGT,10,10
17814-09-20151125,q23,TAGCCGT,6,6
17814-09-20151125,q24,GAGCCGT,5,5
17814-09-20151125,q23,GAGACGT,3,3
17814-09-20151125,q19,GAGCCGT,2,2
17814-09-20151125,q23,GAGCCGA,2,2
17814-09-20151125,q23,GCGTCGG,2,2
17814-09-20151125,q23,GTGCCGT,2,2
17814-09-20151125,q23,GTTCACC,2,2
17814-09-20151125,q19,CGGCGGC,1,1
17814-09-20151125,q19,GTCTTCA,1,1
17814-09-20151125,q23,GACCCGT,1,1
17814-09-20151125,q23,GAGCCCT,1,1
17814-09-20151125,q23,GATCCGT,1,1
17814-09-20151125,q23,GCGCCGT,1,1
17814-09-20151125,q23,GGGCCGT,1,1
17814-09-20151125,q23,GTTGCCG,1,1
17814-09-20151125,q24,CATGACT,1,1
17814-neg-20160125,q24,CAGAAGT,206,208
17814-neg-20160125,q19,GGTCGGG,91,91
17814-neg-20160125,q19,CTGCTTG,66,66
17814-neg-20160125,q19,CTGACAC,57,57
17814-neg-20160125,q24,TCAGGCT,46,46
17814-neg-20160125,q19,GGTACCT,42,42
17814-neg-20160125,q19,GTGAGGT,41,41
17814-neg-20160125,q24,GCGTACG,21,21
17814-neg-20160125,q24,GTGCATG,18,18
17814-neg-20160125,q24,TTTGGGA,13,13
17814-neg-20160125,q19,GGGTCCG,12,12
17814-neg-20160125,q24,TCGGTTC,5,5
17814-neg-20160125,q27,CTTCGGT,3,3
17814-neg-20160125,q19,ACGCTCA,2,2
17814-neg-20160125,q19,GTGCATG,2,2
17814-neg-20160125,q24,CTGCTTG,2,2
17814-neg-20160125,q24,GGTCGGG,2,2
17814-neg-20160125,q24,GTGAGGT,2,2
17814-neg-20160125,q26,CTAGCTG,2,2
17814-neg-20160125,q26,TAGAAGA,2,2
17814-neg-20160125,q26,TTCATAT,2,2
17814-neg-20160125,q19,CCTTCTG,1,1
17814-neg-20160125,q19,GCAAGAG,1,1
17814-neg-20160125,q19,GGTACAC,1,1
17814-neg-20160125,q19,TCAGGCT,1,1
17814-neg-20160125,q19,TCCTTCT,1,1
17814-neg-20160125,q19,TGTACCT,1,1
17814-neg-20160125,q19,TTGCATG,1,1
17814-neg-20160125,q19,TTTATAT,1,1
17814-neg-20160125,q23,CTGGTGG,1,1
17814-neg-20160125,q23,GATCTAC,1,1
17814-neg-20160125,q23,GGTACCT,1,1
17814-neg-20160125,q23,GTGGCCT,1,1
17814-neg-20160125,q23,TGCGTTC,1,1
17814-neg-20160125,q23,TTTGGGA,1,1
17814-neg-20160125,q24,CGGAAGT,1,1
17814-neg-20160125,q24,CTGACAC,1,1
17814-neg-20160125,q24,GGTACCT,1,1
17814-neg-20160125,q25,CGTCTCA,1,1
17814-neg-20160125,q25,TCCGTGT,1,1
17814-neg-20160125,q25,TCGCATA,1,1
17814-neg-20160125,q26,GGATGCA,1,1
17814-neg-20160125,q27,GAGGGTG,1,1
17814-neg-20160125,q27,GCACTTT,1,1
17814-neg-20160125,q27,GGTCGGG,1,1
17814-neg-20160125,q27,GTGATCT,1,1
17814-neg-20160125,q27,GTGATTT,1,1
17814-neg-20160125,q27,TTGGACC,1,1
17814-neg-20160125,q27,TTGGATC,1,1
17814-32-20151125,q19,TTCATTC,27614,29782
17814-32-20151125,q19,TTCTTTC,28,28
17814-32-20151125,q23,TTCATTC,24,24
17814-32-20151125,q24,TTCATTC,20,20
17814-32-20151125,q19,TTCATAC,14,14
17814-32-20151125,q19,TTCATCC,14,14
17814-32-20151125,q19,TTAATTC,13,13
17814-32-20151125,q19,TTTATTC,9,9
17814-32-20151125,q19,CCTTATT,8,8
17814-32-20151125,q19,TTCACTC,8,8
17814-32-20151125,q19,TTCATTT,8,8
17814-32-20151125,q19,TTCGTTC,7,7
17814-32-20151125,q19,TTCAATC,6,6
17814-32-20151125,q19,TACATTC,4,4
17814-32-20151125,q19,TCCATTC,4,4
17814-32-20151125,q19,TTCATTA,4,4
17814-32-20151125,q19,CTCATTC,1,1
17814-32-20151125,q19,GTCATTC,1,1
17814-32-20151125,q19,TTCAGTC,1,1
17814-32-20151125,q19,TTCCTTC,1,1
17814-32-20151125,q23,CACCCTT,1,1
17814-32-20151125,q23,GCGTCGG,1,1
17814-32-20151125,q24,TCGTCAA,1,1
17814-32-20151125,q24,TTCCGAG,1,1
17814-34-20151125,q24,CGGTGTG,1,1
17814-34-20151125,q24,CTGTGTG,1,1
17814-35-20160125,q19,TATCGGT,5,5
17814-35-20160125,q27,CGTTTCC,5,5
17814-35-20160125,q19,AACCACG,4,4
17814-35-20160125,q19,TAGAGAC,3,3
17814-35-20160125,q19,TGCGGTA,3,3
17814-35-20160125,q27,AATCCAT,3,3
17814-35-20160125,q27,CACGTTT,3,3
17814-35-20160125,q19,AAACCTG,2,2
17814-35-20160125,q19,AACCTAC,2,2
17814-35-20160125,q19,CCAATTC,2,2
17814-35-20160125,q19,CTCCGGA,2,2
17814-35-20160125,q19,GTGGATG,2,2
17814-35-20160125,q19,GTTGAAT,2,2
17814-35-20160125,q19,TGCTATG,2,2
17814-35-20160125,q23,GCGCATC,2,2
17814-35-20160125,q25,CCGGGTC,2,2
17814-35-20160125,q25,GTCTGTA,2,2
17814-35-20160125,q25,GTGGGTG,2,2
17814-35-20160125,q25,GTTCCTA,2,2
17814-35-20160125,q26,AGGGCTT,2,2
17814-35-20160125,q26,TTGTCTA,2,2
17814-35-20160125,q27,TTTCATA,2,2
17814-35-20160125,q19,ACAGGGG,1,1
17814-35-20160125,q19,ACCTTTC,1,1
17814-35-20160125,q19,ACGCTGT,1,1
17814-35-20160125,q19,CGACATT,1,1
17814-35-20160125,q19,CGGTGTG,1,1
17814-35-20160125,q19,CGTGTTG,1,1
17814-35-20160125,q19,CTTCTAG,1,1
17814-35-20160125,q19,GGCCAGG,1,1
17814-35-20160125,q19,TCAACGG,1,1
17814-35-20160125,q19,TCGATTT,1,1
17814-35-20160125,q19,TTGTTTT,1,1
17814-35-20160125,q19,TTTGGCG,1,1
17814-35-20160125,q23,ACGCGAC,1,1
17814-35-20160125,q23,ATACCGC,1,1
17814-35-20160125,q23,CACGTTC,1,1
17814-35-20160125,q23,CTTCTGA,1,1
17814-35-20160125,q23,GACGGTT,1,1
17814-35-20160125,q23,GGACTAT,1,1
17814-35-20160125,q23,GGACTGT,1,1
17814-35-20160125,q23,GGGCCGG,1,1
17814-35-20160125,q23,GTTTACA,1,1
17814-35-20160125,q23,TCGACTG,1,1
17814-35-20160125,q23,TGTTTTC,1,1
17814-35-20160125,q23,TTGTCTA,1,1
17814-35-20160125,q24,CCCGTTG,1,1
17814-35-20160125,q24,GGAGCGT,1,1
17814-35-20160125,q24,GTTTCTG,1,1
17814-35-20160125,q24,TCCGTGA,1,1
17814-35-20160125,q25,AGCTGGC,1,1
17814-35-20160125,q25,CGGTGTG,1,1
17814-35-20160125,q25,CTACTTC,1,1
17814-35-20160125,q25,CTTCGCA,1,1
17814-35-20160125,q25,GCGGGTA,1,1
17814-35-20160125,q25,TATCGGT,1,1
17814-35-20160125,q26,CAAGCAC,1,1
17814-35-20160125,q26,CACATCT,1,1
17814-35-20160125,q26,CTTGATC,1,1
17814-35-20160125,q26,TTGACTG,1,1
17814-35-20160125,q27,AGCTGTA,1,1
17814-35-20160125,q27,AGTCCTA,1,1
17814-35-20160125,q27,ATCGGCG,1,1
17814-35-20160125,q27,CGCATGC,1,1
17814-35-20160125,q27,CGGTATG,1,1
17814-35-20160125,q27,CGTTCCC,1,1
17814-35-20160125,q27,CTGAGCG,1,1
17814-35-20160125,q27,CTTCTCT,1,1
17814-35-20160125,q27,GGGCGTG,1,1
17814-35-20160125,q27,GGGGACG,1,1
17814-35-20160125,q27,GGTGTTT,1,1
17814-35-20160125,q27,TCGGGGT,1,1
17814-35-20160125,q27,TGCGAAG,1,1
17814-35-20160125,q27,TGGGACG,1,1
17814-35-20160125,q27,TTGAGAA,1,1
17814-35-20160125,q27,TTTGGCT,1,1
