,qtag,barcode,readsPF,mcountsPF,idx
0,q23,GCGAGTA,39784,35661,20615-35
1,q23,GAGGCGA,15514,14802,20615-35
2,q23,GCAAGTA,156,156,20615-35
3,q23,GAGACGA,48,48,20615-35
4,q23,GAGGCAA,20,20,20615-35
5,q23,GCGAATA,16,16,20615-35
6,q23,GTGAGTA,15,15,20615-35
7,q19,GCTCGTT,13,13,20615-35
8,q23,GAGGTGA,10,10,20615-35
9,q23,GCGAGCA,10,10,20615-35
10,q19,GCGAGTA,9,9,20615-35
11,q23,GCGATTA,8,8,20615-35
12,q19,TTCGTCT,7,7,20615-35
13,q23,GAGGCGT,6,6,20615-35
14,q23,GCGGGTA,6,6,20615-35
15,q23,TCGAGTA,5,5,20615-35
16,q23,GAGAGTA,4,4,20615-35
17,q23,GAGGCTA,4,4,20615-35
18,q19,CTTATAA,3,3,20615-35
19,q19,GAGGCGA,3,3,20615-35
20,q23,ACGAGTA,3,3,20615-35
21,q23,GAGGAGA,3,3,20615-35
22,q23,GCCAGCG,3,3,20615-35
23,q23,GCGAGTG,3,3,20615-35
24,q23,GCGAGTT,3,3,20615-35
25,q23,GCGGCGA,3,3,20615-35
26,q23,GCGTGTA,3,3,20615-35
27,q23,CCGTTTA,2,2,20615-35
28,q23,GAGGCGG,2,2,20615-35
29,q23,GCGAGAA,2,2,20615-35
30,q23,GCTAGTA,2,2,20615-35
31,q23,GCTCGTT,2,2,20615-35
32,q23,TTCGTCT,2,2,20615-35
33,q24,GCCATGG,2,2,20615-35
34,q23,GAAGCGA,1,1,20615-35
35,q23,GACGCGA,1,1,20615-35
36,q23,GAGAAGA,1,1,20615-35
37,q23,GAGATGA,1,1,20615-35
38,q23,GAGGCCA,1,1,20615-35
39,q23,GAGTCGA,1,1,20615-35
40,q23,GCGAGGA,1,1,20615-35
41,q23,TTGTGCG,1,1,20615-35
42,q24,GAGGCGA,1,1,20615-35
43,q24,GCGAGTA,1,1,20615-35
44,q25,TGTCGTG,1,1,20615-35
45,q27,TAACGCG,1,1,20615-35
0,q23,GCGAGTA,68901,57445,20615-32
1,q23,GCAAGTA,273,273,20615-32
2,q19,GCTCGTT,129,129,20615-32
3,q19,TTCGTCT,106,106,20615-32
4,q23,GCGAATA,27,27,20615-32
5,q19,CTTATAA,25,25,20615-32
6,q23,GCGAGCA,24,24,20615-32
7,q23,CCGTTTA,20,20,20615-32
8,q19,GCGAGTA,17,17,20615-32
9,q23,GTGAGTA,17,17,20615-32
10,q23,GCGAGTT,12,12,20615-32
11,q23,GCGGGTA,12,12,20615-32
12,q23,GCGTGTA,10,10,20615-32
13,q24,CGTGGTG,10,10,20615-32
14,q23,GCTAGTA,6,6,20615-32
15,q23,ACGAGTA,5,5,20615-32
16,q23,GAGAGTA,4,4,20615-32
17,q23,GCGAGTG,4,4,20615-32
18,q24,GCGAGTA,4,4,20615-32
19,q19,ACTATTC,3,3,20615-32
20,q19,GAGGAGT,3,3,20615-32
21,q19,GCAAGCG,3,3,20615-32
22,q19,TTCGTAT,3,3,20615-32
23,q23,GCGACTA,3,3,20615-32
24,q23,GCGAGAA,3,3,20615-32
25,q23,GCTCGTT,3,3,20615-32
26,q27,TGATTAG,3,3,20615-32
27,q19,CGCTGAT,2,2,20615-32
28,q23,CCGAGTA,2,2,20615-32
29,q23,GCCAGTA,2,2,20615-32
30,q23,GCGATTA,2,2,20615-32
31,q23,GGGAGTA,2,2,20615-32
32,q23,GTCCGGT,2,2,20615-32
33,q23,TTGTGCG,2,2,20615-32
34,q24,CATTAAT,2,2,20615-32
35,q24,GCTGTCG,2,2,20615-32
36,q24,TGTGCAT,2,2,20615-32
37,q25,ACCAGTT,2,2,20615-32
38,q26,CTTCGCT,2,2,20615-32
39,q27,GAGGAGT,2,2,20615-32
40,q19,ACCTGTA,1,1,20615-32
41,q19,CGTCGTT,1,1,20615-32
42,q19,GCTCATT,1,1,20615-32
43,q19,GGTGCTT,1,1,20615-32
44,q19,TCCCGTG,1,1,20615-32
45,q23,CTTATAA,1,1,20615-32
46,q23,GCCAGCG,1,1,20615-32
47,q24,GCCATGG,1,1,20615-32
48,q24,TATCGTC,1,1,20615-32
49,q25,GGGGAGC,1,1,20615-32
50,q26,GGTCATG,1,1,20615-32
51,q26,TCCAGAT,1,1,20615-32
52,q27,GGGGAGC,1,1,20615-32
53,q27,GGGGGGG,1,1,20615-32
54,q27,TAACGCG,1,1,20615-32
55,q27,TCTCAAG,1,1,20615-32
56,q27,TGCGGGG,1,1,20615-32
0,q19,GACACGA,41746,37271,20615-33
1,q23,GCGAGTA,40567,36162,20615-33
2,q23,GAGGCGA,9090,8838,20615-33
3,q23,GACACGA,2764,2742,20615-33
4,q19,GCGAGTA,2549,2536,20615-33
5,q19,GAGGCGA,836,833,20615-33
6,q23,GCAAGTA,150,150,20615-33
7,q19,GACACAA,138,138,20615-33
8,q23,GAGACGA,24,24,20615-33
9,q19,TTCGTCT,19,19,20615-33
10,q23,GAGGCAA,19,19,20615-33
11,q19,GACATGA,18,18,20615-33
12,q19,GCTCGTT,15,15,20615-33
13,q23,GCGAATA,14,14,20615-33
14,q23,GCGAGCA,13,13,20615-33
15,q23,GTGAGTA,12,12,20615-33
16,q19,GACGCGA,11,11,20615-33
17,q19,GCAAGTA,10,10,20615-33
18,q23,GACACAA,7,7,20615-33
19,q23,ACGAGTA,6,6,20615-33
20,q24,GACACGA,6,6,20615-33
21,q19,GAGACGA,5,5,20615-33
22,q23,GAGGTGA,5,5,20615-33
23,q23,GCGTGTA,5,5,20615-33
24,q23,TTGTGCG,5,5,20615-33
25,q19,CTTATAA,4,4,20615-33
26,q19,GACACGG,4,4,20615-33
27,q19,GGCACGA,4,4,20615-33
28,q19,GTCACGA,4,4,20615-33
29,q23,GCCAGTA,4,4,20615-33
30,q23,GCGAGTG,4,4,20615-33
31,q24,CGTGGTG,4,4,20615-33
32,q24,GCGAGTA,4,4,20615-33
33,q19,GACAAGA,3,3,20615-33
34,q19,GATACGA,3,3,20615-33
35,q23,CCGTTTA,3,3,20615-33
36,q23,GACGCGA,3,3,20615-33
37,q23,GCGAGTT,3,3,20615-33
38,q23,GCGGGTA,3,3,20615-33
39,q23,TCGAGTA,3,3,20615-33
40,q23,TTCGTCT,3,3,20615-33
41,q19,AACACGA,2,2,20615-33
42,q19,GACACGT,2,2,20615-33
43,q19,GAGGCAA,2,2,20615-33
44,q23,GACATGA,2,2,20615-33
45,q23,GAGGCTA,2,2,20615-33
46,q19,CCGTTTA,1,1,20615-33
47,q19,GAAACGA,1,1,20615-33
48,q19,GAAGCGA,1,1,20615-33
49,q19,GACTCGA,1,1,20615-33
50,q19,GCGAATA,1,1,20615-33
51,q19,GCGAGCA,1,1,20615-33
52,q19,GCTAGTA,1,1,20615-33
53,q19,TACACGA,1,1,20615-33
54,q19,TCGAGTA,1,1,20615-33
55,q23,AAGGCGA,1,1,20615-33
56,q23,CTTCCGG,1,1,20615-33
57,q23,GACACGG,1,1,20615-33
58,q23,GACTCGA,1,1,20615-33
59,q23,GAGAGTA,1,1,20615-33
60,q23,GAGCCGA,1,1,20615-33
61,q23,GAGGCGT,1,1,20615-33
62,q23,GAGTCGA,1,1,20615-33
63,q23,GCAAGAA,1,1,20615-33
64,q23,GCGACTA,1,1,20615-33
65,q23,GCGAGAA,1,1,20615-33
66,q23,GCGAGTC,1,1,20615-33
67,q23,GCGCGTA,1,1,20615-33
68,q23,GCGGCGA,1,1,20615-33
69,q23,GCTAGTA,1,1,20615-33
70,q23,GCTCGTT,1,1,20615-33
71,q23,GGGGCGA,1,1,20615-33
72,q23,GGGTTTC,1,1,20615-33
73,q23,GTGGCGA,1,1,20615-33
74,q23,TAGGCGA,1,1,20615-33
75,q23,TCGATGT,1,1,20615-33
76,q27,GACACGA,1,1,20615-33
77,q27,GAGGAGT,1,1,20615-33
78,q27,GCGAGTA,1,1,20615-33
79,q27,GCGGTGG,1,1,20615-33
80,q27,GGTGGGT,1,1,20615-33
81,q27,TAGGAGT,1,1,20615-33
0,q19,GACACGA,65064,54864,20615-30
1,q19,GACACAA,325,325,20615-30
2,q23,GACACGA,75,75,20615-30
3,q23,GCCAGCG,42,42,20615-30
4,q19,GACATGA,39,39,20615-30
5,q23,CCGTTTA,39,39,20615-30
6,q19,GCTCGTT,34,34,20615-30
7,q23,TCGATGT,31,31,20615-30
8,q19,TTCGTCT,24,24,20615-30
9,q19,GACGCGA,20,20,20615-30
10,q24,GACACGA,19,19,20615-30
11,q24,CCCGCGC,16,16,20615-30
12,q27,GACACGA,12,12,20615-30
13,q23,GCGAGTA,10,10,20615-30
14,q19,AACACGA,9,9,20615-30
15,q24,GCCATGG,9,9,20615-30
16,q19,GTCACGA,8,8,20615-30
17,q19,TACACGA,8,8,20615-30
18,q24,CGTGGTG,8,8,20615-30
19,q19,CTTATAA,7,7,20615-30
20,q19,GACACTA,7,7,20615-30
21,q19,GCCAGCG,5,5,20615-30
22,q25,CTTCCGG,5,5,20615-30
23,q19,GAAACGA,4,4,20615-30
24,q19,GACACGT,4,4,20615-30
25,q19,GGCACGA,4,4,20615-30
26,q25,CTTGCTC,4,4,20615-30
27,q27,TATTTCA,4,4,20615-30
28,q27,TCTTTCG,4,4,20615-30
29,q19,GACTCGA,3,3,20615-30
30,q19,GATACGA,3,3,20615-30
31,q23,TTGTGCG,3,3,20615-30
32,q24,GATGGGT,3,3,20615-30
33,q27,GAGGAGT,3,3,20615-30
34,q27,TAACGCG,3,3,20615-30
35,q27,TGGGGGT,3,3,20615-30
36,q27,TTTTGCC,3,3,20615-30
37,q19,ATCTTTT,2,2,20615-30
38,q19,GACACGG,2,2,20615-30
39,q19,GGGTTTC,2,2,20615-30
40,q23,CCCGCGC,2,2,20615-30
41,q23,CGGAGGA,2,2,20615-30
42,q23,GTCCGGT,2,2,20615-30
43,q23,GTGAGTA,2,2,20615-30
44,q24,AGTGGTT,2,2,20615-30
45,q24,CGGCATG,2,2,20615-30
46,q25,GTTGTGT,2,2,20615-30
47,q27,AAATCGC,2,2,20615-30
48,q27,TGATTAG,2,2,20615-30
49,q27,TTAAACA,2,2,20615-30
50,q27,TTATGCT,2,2,20615-30
51,q27,TTCGCTT,2,2,20615-30
52,q19,AACACAA,1,1,20615-30
53,q19,CACACGA,1,1,20615-30
54,q19,CAGTCTC,1,1,20615-30
55,q19,CATTTCC,1,1,20615-30
56,q19,CCCGCGC,1,1,20615-30
57,q19,CCGTTTA,1,1,20615-30
58,q19,CGAAATT,1,1,20615-30
59,q19,CGCTGAT,1,1,20615-30
60,q19,CGGCCCA,1,1,20615-30
61,q19,CGTGGTG,1,1,20615-30
62,q19,CTCGACC,1,1,20615-30
63,q19,CTTCCGG,1,1,20615-30
64,q19,GAAAAGA,1,1,20615-30
65,q19,GACAGGA,1,1,20615-30
66,q19,GACGCTA,1,1,20615-30
67,q19,GAGGAGT,1,1,20615-30
68,q19,GATAGGC,1,1,20615-30
69,q19,GCACGGG,1,1,20615-30
70,q19,GCACTGC,1,1,20615-30
71,q19,GCCAGCA,1,1,20615-30
72,q19,GGCGGGG,1,1,20615-30
73,q19,GGGCCTG,1,1,20615-30
74,q19,GTGGATG,1,1,20615-30
75,q19,GTTTTAG,1,1,20615-30
76,q19,TCGATGT,1,1,20615-30
77,q19,TGCACGC,1,1,20615-30
78,q19,TGCATTT,1,1,20615-30
79,q19,TTCGTAT,1,1,20615-30
80,q19,TTCGTTT,1,1,20615-30
81,q19,TTGCCGC,1,1,20615-30
82,q19,TTTAGGG,1,1,20615-30
83,q23,ACGTCCG,1,1,20615-30
84,q23,ATGCGTA,1,1,20615-30
85,q23,CCGTCTG,1,1,20615-30
86,q23,GAGGCGA,1,1,20615-30
87,q23,GCCCAGG,1,1,20615-30
88,q23,GCGGGGG,1,1,20615-30
89,q23,GCGTGCC,1,1,20615-30
90,q23,GGGCTGC,1,1,20615-30
91,q23,TCGACGT,1,1,20615-30
92,q23,TGTCTGC,1,1,20615-30
93,q23,TTCGTCG,1,1,20615-30
94,q23,TTCGTCT,1,1,20615-30
95,q24,AGTAGTT,1,1,20615-30
96,q24,ATCTCTG,1,1,20615-30
97,q24,CCGCCTA,1,1,20615-30
98,q24,CTGTTTT,1,1,20615-30
99,q24,GGGGTTG,1,1,20615-30
100,q24,TATTTAA,1,1,20615-30
101,q24,TTCGCTT,1,1,20615-30
102,q24,TTGCCGC,1,1,20615-30
103,q25,ATCTTTT,1,1,20615-30
104,q25,GACACGA,1,1,20615-30
105,q25,TTGTGGG,1,1,20615-30
106,q26,GACACGA,1,1,20615-30
107,q26,GAGTGAT,1,1,20615-30
108,q26,TTATATC,1,1,20615-30
109,q26,TTATGTG,1,1,20615-30
110,q26,TTCGCTT,1,1,20615-30
111,q27,ATCCTCT,1,1,20615-30
112,q27,CATTTCC,1,1,20615-30
113,q27,CGAAATT,1,1,20615-30
114,q27,CGAGTTG,1,1,20615-30
115,q27,CGCGTAC,1,1,20615-30
116,q27,CGGAGGA,1,1,20615-30
117,q27,CGGCCCA,1,1,20615-30
118,q27,CGGTTTA,1,1,20615-30
119,q27,CTGGCTG,1,1,20615-30
120,q27,GCAAGCG,1,1,20615-30
121,q27,GGGCTGC,1,1,20615-30
122,q27,GGGGAGC,1,1,20615-30
123,q27,GGTGGGT,1,1,20615-30
124,q27,GTTATTT,1,1,20615-30
125,q27,TCCTCCT,1,1,20615-30
126,q27,TGAAGGT,1,1,20615-30
127,q27,TGCGGGG,1,1,20615-30
128,q27,TGCGGTT,1,1,20615-30
129,q27,TGGCCGA,1,1,20615-30
130,q27,TGTCTGC,1,1,20615-30
131,q27,TGTGGGT,1,1,20615-30
132,q27,TTATATC,1,1,20615-30
133,q27,TTCGTCG,1,1,20615-30
0,q23,TTGTGCG,55,55,20615-neg
1,q19,CGCTGAT,10,10,20615-neg
2,q23,GCGAGTA,7,7,20615-neg
3,q19,TTCGTCT,4,4,20615-neg
4,q23,GAGGCGA,3,3,20615-neg
5,q19,GCTCGTT,2,2,20615-neg
6,q23,CCGTTTA,2,2,20615-neg
7,q24,CGTGGTG,2,2,20615-neg
8,q19,CTCTGAT,1,1,20615-neg
9,q19,CTTATAA,1,1,20615-neg
10,q19,TTGCCGC,1,1,20615-neg
11,q23,GCCAGCG,1,1,20615-neg
12,q23,TTGTACG,1,1,20615-neg
13,q24,AGTGGTT,1,1,20615-neg
14,q27,GGTGGGT,1,1,20615-neg
15,q27,TGGGGAT,1,1,20615-neg
0,q23,GAGGCGA,41147,36745,20615-21
1,q19,GACACGA,11037,10685,20615-21
2,q19,GAGGCGA,2053,2040,20615-21
3,q23,GACACGA,1103,1098,20615-21
4,q23,GAGACGA,112,112,20615-21
5,q19,GACACAA,79,79,20615-21
6,q23,GAGGCAA,64,64,20615-21
7,q23,GAGGTGA,27,27,20615-21
8,q19,GAGACGA,22,22,20615-21
9,q23,TTGTGCG,19,19,20615-21
10,q23,GCGAGTA,18,18,20615-21
11,q19,GCTCGTT,10,10,20615-21
12,q23,AAGGCGA,8,8,20615-21
13,q19,GACGCGA,7,7,20615-21
14,q19,TTCGTCT,7,7,20615-21
15,q19,GACATGA,6,6,20615-21
16,q23,GAGGCGG,6,6,20615-21
17,q19,GAGGCAA,5,5,20615-21
18,q23,CCGTTTA,4,4,20615-21
19,q23,GAAGCGA,4,4,20615-21
20,q23,GAGGCTA,4,4,20615-21
21,q23,GAGTCGA,4,4,20615-21
22,q23,TAGGCGA,4,4,20615-21
23,q19,CTTATAA,3,3,20615-21
24,q23,GAGGAGA,3,3,20615-21
25,q23,GCTCGTT,3,3,20615-21
26,q23,GGGGCGA,3,3,20615-21
27,q19,GACACTA,2,2,20615-21
28,q19,GATACGA,2,2,20615-21
29,q23,GACACAA,2,2,20615-21
30,q23,GAGCCGA,2,2,20615-21
31,q23,TTCGTCT,2,2,20615-21
32,q24,GAGGCGA,2,2,20615-21
33,q19,AACACGA,1,1,20615-21
34,q19,AAGGCGA,1,1,20615-21
35,q19,CGCTGAT,1,1,20615-21
36,q19,GACACGG,1,1,20615-21
37,q19,GACACGT,1,1,20615-21
38,q19,GACTCGA,1,1,20615-21
39,q19,GAGGAGA,1,1,20615-21
40,q19,GAGGCGG,1,1,20615-21
41,q19,GCCATGG,1,1,20615-21
42,q19,GTCACGA,1,1,20615-21
43,q19,TAGGCGA,1,1,20615-21
44,q19,TTGTGCG,1,1,20615-21
45,q23,CACACGA,1,1,20615-21
46,q23,CAGGCGA,1,1,20615-21
47,q23,GAGGCGT,1,1,20615-21
48,q23,GAGGGGA,1,1,20615-21
49,q23,GATGCGA,1,1,20615-21
50,q23,GCCAGCG,1,1,20615-21
51,q23,GCGGCGA,1,1,20615-21
52,q23,GGCACGA,1,1,20615-21
53,q24,GACACGA,1,1,20615-21
54,q24,GCCATGG,1,1,20615-21
0,q23,GCGAGTA,53369,46224,20615-20
1,q23,GCAAGTA,225,225,20615-20
2,q19,GCTCGTT,100,100,20615-20
3,q19,TTCGTCT,94,94,20615-20
4,q19,CTTATAA,33,33,20615-20
5,q23,CCGTTTA,28,28,20615-20
6,q23,GCGAATA,24,24,20615-20
7,q23,GCGAGCA,22,22,20615-20
8,q23,GTGAGTA,21,21,20615-20
9,q19,GCGAGTA,19,19,20615-20
10,q23,ACGAGTA,9,9,20615-20
11,q23,GCGGGTA,9,9,20615-20
12,q23,GCGTGTA,8,8,20615-20
13,q24,CGTGGTG,8,8,20615-20
14,q23,GCGATTA,7,7,20615-20
15,q23,GCGAGTT,6,6,20615-20
16,q23,GAGGCGA,5,5,20615-20
17,q23,GCGAGAA,5,5,20615-20
18,q23,GCGAGTG,5,5,20615-20
19,q25,CTTCCGG,5,5,20615-20
20,q23,TTGTGCG,4,4,20615-20
21,q24,GCGAGTA,4,4,20615-20
22,q23,GCGAGGA,3,3,20615-20
23,q23,GTCCGGT,3,3,20615-20
24,q19,CGCTGAT,2,2,20615-20
25,q23,GAGGGGA,2,2,20615-20
26,q23,GCCAGCG,2,2,20615-20
27,q23,GCTAGTA,2,2,20615-20
28,q23,TATATAA,2,2,20615-20
29,q23,TCGAGTA,2,2,20615-20
30,q24,CATTAAT,2,2,20615-20
31,q19,GACACGA,1,1,20615-20
32,q23,CCGAGTA,1,1,20615-20
33,q23,GAGAGTA,1,1,20615-20
34,q23,GCCAGTA,1,1,20615-20
35,q23,GCTCGTT,1,1,20615-20
36,q23,GGGAGTA,1,1,20615-20
37,q23,TGTGCAT,1,1,20615-20
38,q23,TTCGTCT,1,1,20615-20
39,q23,TTCTTCT,1,1,20615-20
40,q24,CGGCATG,1,1,20615-20
41,q26,TGGTGAT,1,1,20615-20
42,q26,TTATGTG,1,1,20615-20
43,q26,TTGCCGC,1,1,20615-20
44,q27,GAGGAGT,1,1,20615-20
45,q27,GGGGAGC,1,1,20615-20
46,q27,TAACGCG,1,1,20615-20
47,q27,TGTGGGT,1,1,20615-20
0,q23,TTGTGCG,20617,19487,20615-09
1,q19,CGCTGAT,4503,4437,20615-09
2,q19,TTCGTCT,920,917,20615-09
3,q19,GCTCGTT,535,532,20615-09
4,q23,GCGAGTA,477,476,20615-09
5,q23,CCGTTTA,413,413,20615-09
6,q19,CTTATAA,191,191,20615-09
7,q24,CGTGGTG,127,127,20615-09
8,q23,TCGATGT,123,123,20615-09
9,q23,GAGGCGA,107,107,20615-09
10,q23,TTGTACG,57,57,20615-09
11,q24,TATTATT,56,56,20615-09
12,q23,TTGTGCA,46,46,20615-09
13,q23,GCCAGCG,45,45,20615-09
14,q27,GAGGAGT,42,42,20615-09
15,q24,CCCGCGC,40,40,20615-09
16,q23,TTGTGTG,37,37,20615-09
17,q24,GCCATGG,34,34,20615-09
18,q19,GCAAGCG,30,30,20615-09
19,q23,TTGCGCG,24,24,20615-09
20,q23,GTCCGGT,19,19,20615-09
21,q19,CGGCCCA,18,18,20615-09
22,q25,CTTCCGG,18,18,20615-09
23,q25,CTTGCTC,18,18,20615-09
24,q27,GGCGTAT,13,13,20615-09
25,q23,CCCGCGC,11,11,20615-09
26,q19,CGCCGAT,10,10,20615-09
27,q23,GTGAGTA,10,10,20615-09
28,q24,TAACGCG,10,10,20615-09
29,q19,CGCTAAT,9,9,20615-09
30,q19,GACACGA,9,9,20615-09
31,q23,TTTTGCG,9,9,20615-09
32,q24,TGTGCAT,9,9,20615-09
33,q26,TTGCCGC,9,9,20615-09
34,q25,TGCGGGG,8,8,20615-09
35,q19,AGTCGTA,7,7,20615-09
36,q19,TTGCCGC,7,7,20615-09
37,q27,TCTGGGA,7,7,20615-09
38,q27,TGATTAG,7,6,20615-09
39,q19,ATCTCTG,6,6,20615-09
40,q19,CGTCGTT,6,6,20615-09
41,q19,CGTGGTG,6,6,20615-09
42,q19,TGCACGC,6,6,20615-09
43,q23,TGTCTGC,6,6,20615-09
44,q23,TTGTGCT,6,6,20615-09
45,q26,TCCAGAT,6,6,20615-09
46,q19,CGTGTTG,5,5,20615-09
47,q19,GTACTAT,5,5,20615-09
48,q19,GTGGATG,5,5,20615-09
49,q19,TTGTGCG,5,5,20615-09
50,q23,GTTGCGT,5,5,20615-09
51,q23,TTATGCG,5,5,20615-09
52,q23,TTGTCCG,5,5,20615-09
53,q23,TTGTGAG,5,5,20615-09
54,q24,GAGGAGT,5,5,20615-09
55,q25,GTTGTTA,5,5,20615-09
56,q27,GGGGGGG,5,5,20615-09
57,q19,ATTATTT,4,4,20615-09
58,q19,CAGTCTC,4,4,20615-09
59,q19,CCTCCTA,4,4,20615-09
60,q19,CTGGCTG,4,4,20615-09
61,q19,GGCGTAT,4,4,20615-09
62,q19,GTACGGT,4,4,20615-09
63,q23,TCCCCTT,4,4,20615-09
64,q24,ATCTCTG,4,4,20615-09
65,q24,GGGGTTG,4,4,20615-09
66,q24,TGCATTT,4,4,20615-09
67,q26,TTACGGC,4,4,20615-09
68,q27,CGGCATG,4,4,20615-09
69,q27,CGGTTTA,4,4,20615-09
70,q27,CGTCGTT,4,4,20615-09
71,q27,GCGTGAC,4,4,20615-09
72,q27,TAACGCG,4,4,20615-09
73,q27,TGGGGGT,4,4,20615-09
74,q19,CGGTGAC,3,3,20615-09
75,q19,CTCTGAT,3,3,20615-09
76,q19,TCCCGTG,3,3,20615-09
77,q23,CATTATC,3,3,20615-09
78,q23,CGCTGAT,3,3,20615-09
79,q23,CTCTGGC,3,3,20615-09
80,q23,GCCTCGG,3,3,20615-09
81,q23,GCGCAAT,3,3,20615-09
82,q23,TTGAGCG,3,3,20615-09
83,q24,CTAACTG,3,3,20615-09
84,q24,TTGTGCG,3,3,20615-09
85,q27,GTACGGT,3,3,20615-09
86,q19,CACTGAT,2,2,20615-09
87,q19,CGCGGAT,2,2,20615-09
88,q19,CGCTGAC,2,2,20615-09
89,q19,CGCTGGT,2,2,20615-09
90,q19,CGCTGTT,2,2,20615-09
91,q19,CGCTTAT,2,2,20615-09
92,q19,CTTGCTC,2,2,20615-09
93,q19,GGGTTTC,2,2,20615-09
94,q19,TTTGTCT,2,2,20615-09
95,q19,TTTTACG,2,2,20615-09
96,q23,AACTTGG,2,2,20615-09
97,q23,ATGTGCG,2,2,20615-09
98,q23,CTGTGCG,2,2,20615-09
99,q23,TCGTGCG,2,2,20615-09
100,q23,TTGTTCG,2,2,20615-09
101,q24,GCTGTCG,2,2,20615-09
102,q26,GCTTAGG,2,2,20615-09
103,q26,GTGGTAG,2,2,20615-09
104,q26,TGGTGAT,2,2,20615-09
105,q27,AGTTTAG,2,2,20615-09
106,q27,GGGGAGC,2,2,20615-09
107,q27,GGTGGGT,2,2,20615-09
108,q27,GTTATTT,2,2,20615-09
109,q27,TGGGGAG,2,2,20615-09
110,q19,CGATGAT,1,1,20615-09
111,q19,CGTCCCA,1,1,20615-09
112,q19,CGTTCGG,1,1,20615-09
113,q19,CGTTGAC,1,1,20615-09
114,q19,GCCATGG,1,1,20615-09
115,q19,GCGAGTA,1,1,20615-09
116,q19,GCTCATT,1,1,20615-09
117,q19,TCTCGTT,1,1,20615-09
118,q19,TTCGTCC,1,1,20615-09
119,q19,TTCTCTG,1,1,20615-09
120,q23,CGGTCAC,1,1,20615-09
121,q23,GAGACGA,1,1,20615-09
122,q23,GCAAGTA,1,1,20615-09
123,q23,GCAGTCG,1,1,20615-09
124,q23,GCCAGCA,1,1,20615-09
125,q23,GCGAGTT,1,1,20615-09
126,q23,GCTTGGG,1,1,20615-09
127,q23,GTCCGGC,1,1,20615-09
128,q23,TACGGGG,1,1,20615-09
129,q23,TAGTGCG,1,1,20615-09
130,q23,TTCTGCG,1,1,20615-09
131,q23,TTGTGGG,1,1,20615-09
132,q24,GCCAGCG,1,1,20615-09
133,q24,GGCGGGG,1,1,20615-09
134,q25,GCGTGAC,1,1,20615-09
135,q26,CGCGTAC,1,1,20615-09
136,q26,CGCTGAT,1,1,20615-09
137,q26,GGAACAT,1,1,20615-09
138,q27,CGGAGGG,1,1,20615-09
139,q27,CTGTCAA,1,1,20615-09
140,q27,GAAGAGT,1,1,20615-09
141,q27,GGTGGGG,1,1,20615-09
142,q27,TATTTCA,1,1,20615-09
143,q27,TTCGCTT,1,1,20615-09
0,q23,GAGGCGA,519772,201164,20615-24
1,q23,GAGACGA,1561,1554,20615-24
2,q23,GAGGCAA,1000,999,20615-24
3,q19,GCTCGTT,505,504,20615-24
4,q19,TTCGTCT,337,337,20615-24
5,q23,GAGGTGA,273,273,20615-24
6,q19,GAGGCGA,155,155,20615-24
7,q23,CCGTTTA,111,111,20615-24
8,q19,CTTATAA,89,89,20615-24
9,q23,GCGAGTA,79,78,20615-24
10,q23,GAGGAGA,74,74,20615-24
11,q23,GAGGCGT,57,57,20615-24
12,q23,GAAGCGA,55,55,20615-24
13,q23,GAGGCGG,48,48,20615-24
14,q23,GAGGCTA,48,48,20615-24
15,q23,GCCAGCG,48,48,20615-24
16,q23,AAGGCGA,44,44,20615-24
17,q23,GAGTCGA,40,40,20615-24
18,q23,GGGGCGA,34,34,20615-24
19,q23,TAGGCGA,31,31,20615-24
20,q23,GATGCGA,29,29,20615-24
21,q24,GAGGCGA,29,29,20615-24
22,q24,CGTGGTG,22,22,20615-24
23,q23,TTGTGCG,20,20,20615-24
24,q23,GCTCGTT,18,18,20615-24
25,q23,GAGGCCA,16,16,20615-24
26,q24,GCCATGG,16,16,20615-24
27,q24,CCCGCGC,15,15,20615-24
28,q23,GTGAGTA,14,14,20615-24
29,q19,CGCTGAT,10,10,20615-24
30,q23,GAGCCGA,10,10,20615-24
31,q19,GACACGA,8,8,20615-24
32,q19,TCCCGTG,8,8,20615-24
33,q23,CAGGCGA,8,8,20615-24
34,q23,GAGACAA,8,8,20615-24
35,q23,GAGGGGA,8,8,20615-24
36,q23,TCGATGT,8,8,20615-24
37,q23,TTCGTCT,8,8,20615-24
38,q24,CCCGTGC,7,7,20615-24
39,q23,GTGGCGA,6,6,20615-24
40,q27,GAGGAGT,6,6,20615-24
41,q23,CTGGCTG,5,5,20615-24
42,q23,GACGCGA,5,5,20615-24
43,q24,TATCGTC,5,5,20615-24
44,q27,TCTTTCG,5,5,20615-24
45,q27,TGCGGGG,5,5,20615-24
46,q19,TTGTTCG,4,4,20615-24
47,q24,TGTGCAT,4,4,20615-24
48,q25,GGAGCCA,4,4,20615-24
49,q26,GTCGATG,4,4,20615-24
50,q27,CATACGA,4,4,20615-24
51,q27,GGGTTGG,4,4,20615-24
52,q19,GGGTTTC,3,3,20615-24
53,q19,GGTTCAA,3,3,20615-24
54,q25,CTTGCTC,3,3,20615-24
55,q26,CGTTCAG,3,3,20615-24
56,q26,GAGGCGA,3,3,20615-24
57,q27,GTTATTT,3,3,20615-24
58,q27,GTTCAGT,3,3,20615-24
59,q19,AAGTGAT,2,2,20615-24
60,q19,CGTGGTG,2,2,20615-24
61,q19,GAGGAGT,2,2,20615-24
62,q19,GCAAGCG,2,2,20615-24
63,q19,GGGCACT,2,2,20615-24
64,q19,GTACGGT,2,2,20615-24
65,q23,CTTATAA,2,2,20615-24
66,q23,GAGATGA,2,2,20615-24
67,q23,GCGGCGA,2,2,20615-24
68,q26,GCGGCTG,2,2,20615-24
69,q27,TGCACGC,2,2,20615-24
70,q19,CTGGCTG,1,1,20615-24
71,q19,CTTATTA,1,1,20615-24
72,q19,GAGACGA,1,1,20615-24
73,q19,GCGAGTA,1,1,20615-24
74,q19,GCTCGCT,1,1,20615-24
75,q19,TTCATCA,1,1,20615-24
76,q19,TTCGTCC,1,1,20615-24
77,q19,TTGCCGC,1,1,20615-24
78,q19,TTTGTCT,1,1,20615-24
79,q23,AAATCGC,1,1,20615-24
80,q23,ACGGCGA,1,1,20615-24
81,q23,ATCTTTT,1,1,20615-24
82,q23,GAAACGA,1,1,20615-24
83,q23,GAGGAGT,1,1,20615-24
84,q23,GAGGCGC,1,1,20615-24
85,q23,GAGTCAA,1,1,20615-24
86,q23,GGGGCAA,1,1,20615-24
87,q23,GGGGTAG,1,1,20615-24
88,q23,GTCGATG,1,1,20615-24
89,q23,GTTCAGT,1,1,20615-24
90,q23,TATCGTC,1,1,20615-24
91,q23,TGCACGC,1,1,20615-24
92,q23,TGTGCAT,1,1,20615-24
93,q23,TTCGTCG,1,1,20615-24
94,q24,CGTAGTG,1,1,20615-24
95,q24,CGTGGAG,1,1,20615-24
96,q24,GAGGAGT,1,1,20615-24
97,q24,GCAAGCG,1,1,20615-24
98,q24,GCCAGCG,1,1,20615-24
99,q24,TATCATC,1,1,20615-24
100,q27,CGGCCCA,1,1,20615-24
101,q27,CTCGACC,1,1,20615-24
102,q27,GAGGCGA,1,1,20615-24
0,q19,GACACGA,360108,173715,20615-26
1,q23,GCCAGCG,1339,1339,20615-26
2,q23,GACACGA,1098,1093,20615-26
3,q19,GACACAA,353,353,20615-26
4,q23,GCGAGTA,311,309,20615-26
5,q19,GCCAGCG,187,187,20615-26
6,q19,GACATGA,186,186,20615-26
7,q24,GACACGA,157,157,20615-26
8,q24,CGTGGTG,139,139,20615-26
9,q19,GACGCGA,110,110,20615-26
10,q19,TTCGTCT,84,84,20615-26
11,q23,CCGTTTA,61,61,20615-26
12,q24,CCCGCGC,60,60,20615-26
13,q19,GATACGA,44,44,20615-26
14,q23,TCGATGT,42,42,20615-26
15,q23,GAGGCGA,41,41,20615-26
16,q19,GACACGT,34,34,20615-26
17,q19,GCGAGTA,32,32,20615-26
18,q19,GCTCGTT,31,31,20615-26
19,q19,AACACGA,30,30,20615-26
20,q19,GGCACGA,29,29,20615-26
21,q19,GTCACGA,28,28,20615-26
22,q19,GACTCGA,27,27,20615-26
23,q23,TTGTGCG,27,27,20615-26
24,q19,GACACGG,26,26,20615-26
25,q19,CGTGGTG,25,25,20615-26
26,q19,GACACTA,23,23,20615-26
27,q24,GCCATGG,18,18,20615-26
28,q19,TACACGA,17,17,20615-26
29,q19,GACAAGA,11,11,20615-26
30,q19,CTTATAA,10,10,20615-26
31,q19,GAAACGA,9,9,20615-26
32,q19,CCCGCGC,8,8,20615-26
33,q27,GACACGA,8,8,20615-26
34,q19,CACACGA,6,6,20615-26
35,q19,GACAGGA,6,6,20615-26
36,q19,CCGTTTA,5,5,20615-26
37,q19,GAGACGA,5,5,20615-26
38,q23,GACAGCG,5,5,20615-26
39,q27,GAGGAGT,5,5,20615-26
40,q19,TCGATGT,4,4,20615-26
41,q23,GCCAACG,4,4,20615-26
42,q23,GCCAGCA,4,4,20615-26
43,q24,GCCAGCG,4,4,20615-26
44,q27,TTCGTCG,4,4,20615-26
45,q19,CGCTGAT,3,3,20615-26
46,q19,GACACCA,3,3,20615-26
47,q19,GAGGAGT,3,3,20615-26
48,q23,CCCGCGC,3,3,20615-26
49,q23,GTCCGGT,3,3,20615-26
50,q23,GTGAGTA,3,3,20615-26
51,q26,TTATGTG,3,3,20615-26
52,q19,GCAAGCG,2,2,20615-26
53,q19,TGTGCAT,2,2,20615-26
54,q19,TTGCCGC,2,2,20615-26
55,q19,TTGTATA,2,2,20615-26
56,q19,TTGTGCG,2,2,20615-26
57,q23,ACCAGCG,2,2,20615-26
58,q23,CGCTGAT,2,2,20615-26
59,q23,GACACAA,2,2,20615-26
60,q23,GCCGGCG,2,2,20615-26
61,q24,TCGATGT,2,2,20615-26
62,q27,GGGGAGC,2,2,20615-26
63,q27,TAACGCG,2,2,20615-26
64,q27,TGGGGGT,2,2,20615-26
65,q19,AACTCTT,1,1,20615-26
66,q19,CAATACT,1,1,20615-26
67,q19,CGGTTTA,1,1,20615-26
68,q19,CGTAAGT,1,1,20615-26
69,q19,CGTGGTA,1,1,20615-26
70,q19,CTCGACC,1,1,20615-26
71,q19,CTTCCGG,1,1,20615-26
72,q19,CTTGCTC,1,1,20615-26
73,q19,GACACAC,1,1,20615-26
74,q19,GACACAT,1,1,20615-26
75,q19,GCCAACG,1,1,20615-26
76,q19,GCCACGA,1,1,20615-26
77,q19,GGTGGGG,1,1,20615-26
78,q19,GTCAGCG,1,1,20615-26
79,q19,TCCCGTG,1,1,20615-26
80,q19,TGCACGC,1,1,20615-26
81,q19,TTCGTCG,1,1,20615-26
82,q19,TTCTCTG,1,1,20615-26
83,q23,CGCTTGT,1,1,20615-26
84,q23,CGGATAT,1,1,20615-26
85,q23,CGGGCAG,1,1,20615-26
86,q23,CGTGGTG,1,1,20615-26
87,q23,CTGTCAA,1,1,20615-26
88,q23,GACACGT,1,1,20615-26
89,q23,GCTAGCG,1,1,20615-26
90,q23,GTCAGCG,1,1,20615-26
91,q23,TTACGGC,1,1,20615-26
92,q23,TTGTACG,1,1,20615-26
93,q24,CCCACGC,1,1,20615-26
94,q24,CCCGCAC,1,1,20615-26
95,q24,CCCGTGC,1,1,20615-26
96,q24,CGCGGTG,1,1,20615-26
97,q24,CGTGATG,1,1,20615-26
98,q24,GACAAGT,1,1,20615-26
99,q24,GCAAGCG,1,1,20615-26
100,q24,GGGCTGC,1,1,20615-26
101,q24,GGGGTTG,1,1,20615-26
102,q25,CTTCCGG,1,1,20615-26
103,q25,CTTGCTC,1,1,20615-26
104,q25,GACACGA,1,1,20615-26
105,q25,TGGACAG,1,1,20615-26
106,q26,CTTGATT,1,1,20615-26
107,q26,GACACGA,1,1,20615-26
108,q26,GCGGCTG,1,1,20615-26
109,q26,TAGGGGG,1,1,20615-26
110,q27,ATAACCA,1,1,20615-26
111,q27,CTGTTTT,1,1,20615-26
112,q27,CTTGATT,1,1,20615-26
113,q27,GAGCACC,1,1,20615-26
114,q27,GGGCTGC,1,1,20615-26
115,q27,TGGGGAG,1,1,20615-26
0,q23,GCGAGTA,65189,54828,20615-03
1,q23,TTGTGCG,1619,1607,20615-03
2,q23,GCAAGTA,259,259,20615-03
3,q23,TCGATGT,29,29,20615-03
4,q23,GTGAGTA,27,27,20615-03
5,q23,GCGAGCA,26,26,20615-03
6,q19,GCTCGTT,25,25,20615-03
7,q19,GCGAGTA,23,23,20615-03
8,q23,GCGAATA,21,21,20615-03
9,q19,CGCTGAT,15,15,20615-03
10,q19,TTCGTCT,15,15,20615-03
11,q24,AGTGGTT,15,15,20615-03
12,q23,GCGGGTA,14,14,20615-03
13,q23,GCGATTA,8,8,20615-03
14,q24,GCGAGTA,7,7,20615-03
15,q23,GCGAGAA,6,6,20615-03
16,q23,GCGTGTA,6,6,20615-03
17,q23,GCGAGTG,5,5,20615-03
18,q23,ACGAGTA,4,4,20615-03
19,q23,GAGGCGA,4,4,20615-03
20,q23,GCGACTA,4,4,20615-03
21,q23,GCGAGTT,4,4,20615-03
22,q23,GCTCGTT,4,4,20615-03
23,q23,CCGTTTA,3,3,20615-03
24,q23,TTATGCG,3,3,20615-03
25,q23,TTCGTCT,3,3,20615-03
26,q23,TTGTACG,3,3,20615-03
27,q23,TTGTGCA,3,3,20615-03
28,q24,TATTATT,3,3,20615-03
29,q19,CTTATAA,2,2,20615-03
30,q23,CGCTGAT,2,2,20615-03
31,q23,GAGAGTA,2,2,20615-03
32,q24,CGTGGTG,2,2,20615-03
33,q24,GCCATGG,2,2,20615-03
34,q19,ATGCTCC,1,1,20615-03
35,q19,GACACGA,1,1,20615-03
36,q19,GGCGTAT,1,1,20615-03
37,q19,TCTCGCG,1,1,20615-03
38,q19,TTGCCGC,1,1,20615-03
39,q23,GACACGA,1,1,20615-03
40,q23,GCCAGTA,1,1,20615-03
41,q23,GCGTATA,1,1,20615-03
42,q23,GCTAGTA,1,1,20615-03
43,q23,TCGAGTA,1,1,20615-03
44,q23,TTGCGCG,1,1,20615-03
45,q23,TTGTGTG,1,1,20615-03
46,q24,TCGATGT,1,1,20615-03
47,q27,TTCGCTT,1,1,20615-03
0,q23,GAGGCGA,47318,41524,20615-01
1,q23,GAGACGA,133,133,20615-01
2,q23,GAGGCAA,68,68,20615-01
3,q23,TTGTGCG,57,57,20615-01
4,q23,GAGGTGA,29,29,20615-01
5,q19,CGCTGAT,16,16,20615-01
6,q19,GAGGCGA,13,13,20615-01
7,q19,TTCGTCT,11,11,20615-01
8,q23,GAGGCGT,10,10,20615-01
9,q23,GGGGCGA,8,8,20615-01
10,q23,GAGTCGA,7,7,20615-01
11,q23,GAGGAGA,6,6,20615-01
12,q23,GAAGCGA,5,5,20615-01
13,q23,GAGGCGG,5,5,20615-01
14,q19,GCTCGTT,4,4,20615-01
15,q23,AAGGCGA,4,4,20615-01
16,q23,GAGGCTA,4,4,20615-01
17,q23,CGCTGAT,3,3,20615-01
18,q23,GATGCGA,3,3,20615-01
19,q23,TAGGCGA,3,3,20615-01
20,q23,GCGAGTA,2,2,20615-01
21,q23,GTGGCGA,2,2,20615-01
22,q24,GAGGCGA,2,2,20615-01
23,q19,CTTATAA,1,1,20615-01
24,q19,TCGTCGG,1,1,20615-01
25,q23,CCGTTTA,1,1,20615-01
26,q23,GAGACAA,1,1,20615-01
27,q23,GCGGCGA,1,1,20615-01
28,q23,TTCGTCT,1,1,20615-01
29,q24,CGTGGTG,1,1,20615-01
30,q27,GGGGAGC,1,1,20615-01
0,q23,GCGAGTA,32574,29691,20615-07
1,q19,CGCTGAT,14625,14007,20615-07
2,q19,GCGAGTA,2399,2386,20615-07
3,q23,CGCTGAT,1743,1732,20615-07
4,q23,GCAAGTA,128,128,20615-07
5,q23,TTGTGCG,59,59,20615-07
6,q19,CGCCGAT,53,53,20615-07
7,q19,CGCTAAT,53,53,20615-07
8,q23,GAGGCGA,28,28,20615-07
9,q23,GCGAGCA,18,18,20615-07
10,q23,GCGAATA,15,15,20615-07
11,q19,TTGTGCG,12,12,20615-07
12,q23,GCGTGTA,12,12,20615-07
13,q23,GTGAGTA,12,12,20615-07
14,q19,CGCAGAT,11,11,20615-07
15,q19,CGCGGAT,11,11,20615-07
16,q19,GCAAGTA,9,9,20615-07
17,q19,TTCGTCT,7,7,20615-07
18,q23,CGCTAAT,7,7,20615-07
19,q19,CACTGAT,6,6,20615-07
20,q19,CGCTGAC,6,6,20615-07
21,q19,CGCTTAT,6,6,20615-07
22,q19,CTCTGAT,6,6,20615-07
23,q23,CGCCGAT,6,6,20615-07
24,q23,GCGGGTA,4,4,20615-07
25,q19,CGCTGTT,3,3,20615-07
26,q19,CGTTGAT,3,3,20615-07
27,q19,GCTCGTT,3,3,20615-07
28,q23,ACGAGTA,3,3,20615-07
29,q23,GAGAGTA,3,3,20615-07
30,q23,GCGAGAA,3,3,20615-07
31,q23,GCGAGTT,3,3,20615-07
32,q23,GCGATTA,3,3,20615-07
33,q19,AGCTGAT,2,2,20615-07
34,q19,TGCTGAT,2,2,20615-07
35,q23,AGCTGAT,2,2,20615-07
36,q23,GCTAGTA,2,2,20615-07
37,q23,TCGAGTA,2,2,20615-07
38,q24,GCGAGTA,2,2,20615-07
39,q19,ACAGGTT,1,1,20615-07
40,q19,CGATGAT,1,1,20615-07
41,q19,CGCCAAT,1,1,20615-07
42,q19,CGCTGAA,1,1,20615-07
43,q19,CTTATAA,1,1,20615-07
44,q19,CTTCTTT,1,1,20615-07
45,q19,GCGAATA,1,1,20615-07
46,q19,GCGAGCA,1,1,20615-07
47,q19,GCGAGTG,1,1,20615-07
48,q19,GTGAGTA,1,1,20615-07
49,q19,TCCCGTG,1,1,20615-07
50,q23,CCGAGTA,1,1,20615-07
51,q23,CCGTTTA,1,1,20615-07
52,q23,CGCAGAT,1,1,20615-07
53,q23,CGCTGTT,1,1,20615-07
54,q23,CGTTGAT,1,1,20615-07
55,q23,CTCCGAT,1,1,20615-07
56,q23,GCAGTCG,1,1,20615-07
57,q23,GCGAGTG,1,1,20615-07
58,q23,GGGAGTA,1,1,20615-07
59,q23,TGCTGAT,1,1,20615-07
60,q24,CGCTGAT,1,1,20615-07
61,q24,GCGAATA,1,1,20615-07
62,q27,GCGAGTA,1,1,20615-07
0,q23,GCGAGTA,6,6,20615-06
1,q23,GAGGCGA,5,5,20615-06
2,q24,TGTGCAT,1,1,20615-06
0,q23,TTGTGCG,13812,13270,20615-05
1,q19,CGCTGAT,3166,3133,20615-05
2,q19,GCTCGTT,904,901,20615-05
3,q19,TTCGTCT,823,819,20615-05
4,q23,CCGTTTA,463,461,20615-05
5,q19,CTTATAA,212,212,20615-05
6,q24,CCCGCGC,51,51,20615-05
7,q23,GCCAGCG,50,50,20615-05
8,q24,CGTGGTG,50,50,20615-05
9,q24,TATTATT,47,47,20615-05
10,q23,GCGAGTA,38,38,20615-05
11,q23,TCCCCTT,37,37,20615-05
12,q24,GCCATGG,36,36,20615-05
13,q27,GAGGAGT,29,29,20615-05
14,q23,TTGTACG,24,24,20615-05
15,q23,TCGATGT,21,21,20615-05
16,q23,TTGCGCG,21,21,20615-05
17,q24,TGTGCAT,20,20,20615-05
18,q23,TTGTGTG,16,16,20615-05
19,q23,TTGTGCA,14,14,20615-05
20,q27,TTGCCCT,14,14,20615-05
21,q19,GCAAGCG,12,12,20615-05
22,q19,GGGGGGG,12,12,20615-05
23,q23,CGGCGCT,12,12,20615-05
24,q24,GGGGTTG,12,12,20615-05
25,q23,GTGAGTA,11,11,20615-05
26,q24,GGGGGGC,11,11,20615-05
27,q26,CATGTTA,11,11,20615-05
28,q27,TGCACGC,11,11,20615-05
29,q23,GTCCGGT,10,10,20615-05
30,q27,TTGGGAT,10,10,20615-05
31,q27,TGGGGGT,9,9,20615-05
32,q27,TTATGCT,8,8,20615-05
33,q19,CGCTAAT,7,7,20615-05
34,q23,GCGGGGG,7,7,20615-05
35,q25,CTTGCTC,7,7,20615-05
36,q19,TAAGATA,6,6,20615-05
37,q23,GAATCTT,6,6,20615-05
38,q24,CGTGCGT,6,6,20615-05
39,q25,ACCAGTT,6,6,20615-05
40,q26,AGTCGTA,6,6,20615-05
41,q27,GCTGATG,6,6,20615-05
42,q27,GGGCTGC,6,6,20615-05
43,q19,CGCCGAT,5,5,20615-05
44,q19,CGGCCCA,5,5,20615-05
45,q19,CTAATAA,5,5,20615-05
46,q19,TGGGAGG,5,5,20615-05
47,q25,GTTGTGT,5,5,20615-05
48,q26,TTATGTG,5,5,20615-05
49,q27,GGGGTTG,5,5,20615-05
50,q27,TCCTCCT,5,5,20615-05
51,q19,GCTCATT,4,4,20615-05
52,q19,TTGCCGC,4,4,20615-05
53,q23,CGCTGAT,4,4,20615-05
54,q23,GGGCTGC,4,4,20615-05
55,q23,TTGGTGG,4,4,20615-05
56,q23,TTGTGAG,4,4,20615-05
57,q23,TTGTGCT,4,4,20615-05
58,q27,TCTCGCG,4,4,20615-05
59,q19,TGAGTAT,3,3,20615-05
60,q19,TGGGGCG,3,3,20615-05
61,q23,TGCGGGG,3,3,20615-05
62,q24,GCTGTCG,3,3,20615-05
63,q26,AACTTGC,3,3,20615-05
64,q27,GGTGGGT,3,3,20615-05
65,q19,CTCTGAT,2,2,20615-05
66,q19,CTGGCTG,2,2,20615-05
67,q19,GACACGA,2,2,20615-05
68,q19,GGCGTAT,2,2,20615-05
69,q19,TTGTGCG,2,2,20615-05
70,q23,CCCGCGC,2,2,20615-05
71,q23,CGACGCG,2,2,20615-05
72,q23,GCAGTGG,2,2,20615-05
73,q23,TCGTGCG,2,2,20615-05
74,q23,TTCGTCT,2,2,20615-05
75,q24,GAGGAGT,2,2,20615-05
76,q26,ATCCCGT,2,2,20615-05
77,q26,TCCTCGT,2,2,20615-05
78,q27,AGTTTAG,2,2,20615-05
79,q27,TAACGCG,2,2,20615-05
80,q19,CCCTGAT,1,1,20615-05
81,q19,CGCAGAT,1,1,20615-05
82,q19,CGCTGTT,1,1,20615-05
83,q19,CGTTGAT,1,1,20615-05
84,q19,GAGGCGA,1,1,20615-05
85,q19,GAGGGGA,1,1,20615-05
86,q19,TCATTGA,1,1,20615-05
87,q19,TCCGTCT,1,1,20615-05
88,q19,TTGTATA,1,1,20615-05
89,q23,CCATTTA,1,1,20615-05
90,q23,CCGCTTA,1,1,20615-05
91,q23,CCGTTTT,1,1,20615-05
92,q23,GACACGA,1,1,20615-05
93,q23,GCAAGTA,1,1,20615-05
94,q23,GTAAGTA,1,1,20615-05
95,q23,TTATGCG,1,1,20615-05
96,q23,TTGAGCG,1,1,20615-05
97,q23,TTGGGCA,1,1,20615-05
98,q23,TTGGGCG,1,1,20615-05
99,q23,TTGTCCG,1,1,20615-05
100,q23,TTGTTCG,1,1,20615-05
101,q23,TTTTGCG,1,1,20615-05
102,q24,TTGTGCG,1,1,20615-05
0,q23,GAGGCGA,5,5,20615-04
1,q23,GCGAGTA,2,2,20615-04
2,q23,GCCAGCG,1,1,20615-04
3,q23,TTGTGCG,1,1,20615-04
