idx,qtag,barcode,mcountsPF,readsPF,percent_mcountsPF,passed_threshold,percent_mcountsPF_thresholded
17914-01-20151028,q24,GCGAATT,29214,31823,99.3099228337,True,100.0
17914-01-20151028,q24,GCAAATT,101,101,0.343338885678,False,0.0
17914-01-20151028,q24,GCGCATT,14,14,0.0475915287079,False,0.0
17914-01-20151028,q24,GCGAATC,10,10,0.0339939490771,False,0.0
17914-01-20151028,q24,GTGAATT,10,10,0.0339939490771,False,0.0
17914-01-20151028,q24,GCCAATT,6,6,0.0203963694462,False,0.0
17914-01-20151028,q24,GCGGATT,6,6,0.0203963694462,False,0.0
17914-01-20151028,q24,GCGTATT,5,5,0.0169969745385,False,0.0
17914-01-20151028,q19,GCGAATT,4,4,0.0135975796308,False,0.0
17914-01-20151028,q19,GGGCGGC,4,4,0.0135975796308,False,0.0
17914-01-20151028,q23,GCGAATT,4,4,0.0135975796308,False,0.0
17914-01-20151028,q24,ACGAATT,4,4,0.0135975796308,False,0.0
17914-01-20151028,q24,GCGATTT,4,4,0.0135975796308,False,0.0
17914-01-20151028,q24,GCTAATT,4,4,0.0135975796308,False,0.0
17914-01-20151028,q24,GCGAACT,3,3,0.0101981847231,False,0.0
17914-01-20151028,q24,TCGAATT,3,3,0.0101981847231,False,0.0
17914-01-20151028,q24,GAGAATT,3,3,0.0101981847231,False,0.0
17914-01-20151028,q24,GCGAGTT,2,2,0.00679878981541,False,0.0
17914-01-20151028,q24,GCGAAAT,2,2,0.00679878981541,False,0.0
17914-01-20151028,q24,TTTGGGT,1,1,0.00339939490771,False,0.0
17914-01-20151028,q27,CCCGTCT,1,1,0.00339939490771,False,0.0
17914-01-20151028,q26,TGCTAAG,1,1,0.00339939490771,False,0.0
17914-01-20151028,q26,GCTTTAG,1,1,0.00339939490771,False,0.0
17914-01-20151028,q26,CGCTTTG,1,1,0.00339939490771,False,0.0
17914-01-20151028,q26,ATTTGGG,1,1,0.00339939490771,False,0.0
17914-01-20151028,q24,GCGGTAG,1,1,0.00339939490771,False,0.0
17914-01-20151028,q24,GTGCGTT,1,1,0.00339939490771,False,0.0
17914-01-20151028,q24,CGCTTTG,1,1,0.00339939490771,False,0.0
17914-01-20151028,q24,CCGAATT,1,1,0.00339939490771,False,0.0
17914-01-20151028,q23,TACCCCT,1,1,0.00339939490771,False,0.0
17914-01-20151028,q23,CGGGCCT,1,1,0.00339939490771,False,0.0
17914-01-20151028,q19,GCTGCGG,1,1,0.00339939490771,False,0.0
17914-01-20151028,q27,CGCATAG,1,1,0.00339939490771,False,0.0
17914-02-20151028,q24,ACCTAGT,37857,42291,99.6604012004,True,100.0
17914-02-20151028,q24,ACCCAGT,39,39,0.102669404517,False,0.0
17914-02-20151028,q24,ACATAGT,14,14,0.0368556836729,False,0.0
17914-02-20151028,q24,ACCTAGC,11,11,0.0289580371716,False,0.0
17914-02-20151028,q24,AACTAGT,7,7,0.0184278418365,False,0.0
17914-02-20151028,q24,ACTTAGT,6,6,0.0157952930027,False,0.0
17914-02-20151028,q24,ATCTAGT,6,6,0.0157952930027,False,0.0
17914-02-20151028,q24,ACCTTGT,5,5,0.0131627441689,False,0.0
17914-02-20151028,q24,CCCTAGT,5,5,0.0131627441689,False,0.0
17914-02-20151028,q19,ACCTAGT,4,4,0.0105301953351,False,0.0
17914-02-20151028,q24,ACCTAGA,3,3,0.00789764650134,False,0.0
17914-02-20151028,q24,GCCTAGT,3,3,0.00789764650134,False,0.0
17914-02-20151028,q24,TCCTAGT,3,3,0.00789764650134,False,0.0
17914-02-20151028,q24,ACCTAAT,3,3,0.00789764650134,False,0.0
17914-02-20151028,q19,CGTCCTG,3,3,0.00789764650134,False,0.0
17914-02-20151028,q24,ACCAAGT,2,2,0.00526509766756,False,0.0
17914-02-20151028,q24,ACCGAGT,2,2,0.00526509766756,False,0.0
17914-02-20151028,q24,ACCTGGT,2,2,0.00526509766756,False,0.0
17914-02-20151028,q19,GCTTTAG,1,1,0.00263254883378,False,0.0
17914-02-20151028,q19,GGGCGGC,1,1,0.00263254883378,False,0.0
17914-02-20151028,q19,TTTATCT,1,1,0.00263254883378,False,0.0
17914-02-20151028,q23,ACCTAGT,1,1,0.00263254883378,False,0.0
17914-02-20151028,q23,GCGCGAA,1,1,0.00263254883378,False,0.0
17914-02-20151028,q23,TCATCCA,1,1,0.00263254883378,False,0.0
17914-02-20151028,q24,ACCTAGG,1,1,0.00263254883378,False,0.0
17914-02-20151028,q24,ACCTATT,1,1,0.00263254883378,False,0.0
17914-02-20151028,q24,GTGGGCT,1,1,0.00263254883378,False,0.0
17914-02-20151028,q24,GTTCCTC,1,1,0.00263254883378,False,0.0
17914-02-20151028,q24,TTCCGAG,1,1,0.00263254883378,False,0.0
17914-03-20151028,q19,TTGTGGC,41649,47127,99.0393075405,True,100.0
17914-03-20151028,q19,TTGTGAC,132,132,0.313889615485,False,0.0
17914-03-20151028,q19,CGTGATT,81,81,0.19261408223,False,0.0
17914-03-20151028,q19,TTGTAGC,39,39,0.0927401136661,False,0.0
17914-03-20151028,q19,TTGCGGC,35,35,0.0832283071362,False,0.0
17914-03-20151028,q19,TTGTTGC,13,13,0.030913371222,False,0.0
17914-03-20151028,q19,TTATGGC,11,11,0.0261574679571,False,0.0
17914-03-20151028,q24,TTGTGGC,10,10,0.0237795163246,False,0.0
17914-03-20151028,q19,TCGTGGC,10,10,0.0237795163246,False,0.0
17914-03-20151028,q23,GCTGGGG,8,8,0.0190236130597,False,0.0
17914-03-20151028,q23,TTGTGGC,8,8,0.0190236130597,False,0.0
17914-03-20151028,q19,TTGTGGT,6,6,0.0142677097948,False,0.0
17914-03-20151028,q19,TTGAGGC,5,5,0.0118897581623,False,0.0
17914-03-20151028,q19,TTGTGGA,5,5,0.0118897581623,False,0.0
17914-03-20151028,q19,TTGGGGC,4,4,0.00951180652986,False,0.0
17914-03-20151028,q19,TTGTGTC,4,4,0.00951180652986,False,0.0
17914-03-20151028,q23,TTGGCGA,4,4,0.00951180652986,False,0.0
17914-03-20151028,q19,TTTTGGC,3,3,0.00713385489739,False,0.0
17914-03-20151028,q19,TTGTGCC,3,3,0.00713385489739,False,0.0
17914-03-20151028,q19,TTCTGGC,2,2,0.00475590326493,False,0.0
17914-03-20151028,q19,TTGTGGG,2,2,0.00475590326493,False,0.0
17914-03-20151028,q23,CCTTTTG,2,2,0.00475590326493,False,0.0
17914-03-20151028,q24,GGCTATG,2,2,0.00475590326493,False,0.0
17914-03-20151028,q27,TTGTGGC,2,2,0.00475590326493,False,0.0
17914-03-20151028,q19,CTGTGGC,2,2,0.00475590326493,False,0.0
17914-03-20151028,q23,CGTGATT,1,1,0.00237795163246,False,0.0
17914-03-20151028,q25,TAGACTT,1,1,0.00237795163246,False,0.0
17914-03-20151028,q24,TTGGCGT,1,1,0.00237795163246,False,0.0
17914-03-20151028,q24,CGTGATT,1,1,0.00237795163246,False,0.0
17914-03-20151028,q23,TCATCCA,1,1,0.00237795163246,False,0.0
17914-03-20151028,q19,ATGTGGC,1,1,0.00237795163246,False,0.0
17914-03-20151028,q19,TTGGCGA,1,1,0.00237795163246,False,0.0
17914-03-20151028,q19,TAGTGGC,1,1,0.00237795163246,False,0.0
17914-03-20151028,q19,ATGATGG,1,1,0.00237795163246,False,0.0
17914-03-20151028,q19,AAAGCTC,1,1,0.00237795163246,False,0.0
17914-03-20151028,q26,AAACTTT,1,1,0.00237795163246,False,0.0
17914-04-20151028,q19,CGTGAGG,39877,44718,99.5506403375,True,100.0
17914-04-20151028,q19,CGTAAGG,32,32,0.0798861622188,False,0.0
17914-04-20151028,q19,CGTGAGA,23,23,0.0574181790948,False,0.0
17914-04-20151028,q19,CGTGTGG,17,17,0.0424395236788,False,0.0
17914-04-20151028,q23,CGTGAGG,15,15,0.0374466385401,False,0.0
17914-04-20151028,q19,CGCGAGG,11,11,0.0274608682627,False,0.0
17914-04-20151028,q19,CGTGGGG,11,11,0.0274608682627,False,0.0
17914-04-20151028,q19,CGTGAGT,10,10,0.0249644256934,False,0.0
17914-04-20151028,q24,CGTGAGG,10,10,0.0249644256934,False,0.0
17914-04-20151028,q19,CATGAGG,8,8,0.0199715405547,False,0.0
17914-04-20151028,q19,CGTGATG,8,8,0.0199715405547,False,0.0
17914-04-20151028,q19,CGTTAGG,7,7,0.0174750979854,False,0.0
17914-04-20151028,q19,TGTGAGG,5,5,0.0124822128467,False,0.0
17914-04-20151028,q19,CGTGAAG,5,5,0.0124822128467,False,0.0
17914-04-20151028,q19,AGTGAGG,2,2,0.00499288513868,False,0.0
17914-04-20151028,q19,CGAGAGG,2,2,0.00499288513868,False,0.0
17914-04-20151028,q19,CGTGACG,2,2,0.00499288513868,False,0.0
17914-04-20151028,q19,CTTGAGG,2,2,0.00499288513868,False,0.0
17914-04-20151028,q19,TATGTTC,2,2,0.00499288513868,False,0.0
17914-04-20151028,q19,CCTGAGG,1,1,0.00249644256934,False,0.0
17914-04-20151028,q19,CGTCAGG,1,1,0.00249644256934,False,0.0
17914-04-20151028,q19,CGTGCGG,1,1,0.00249644256934,False,0.0
17914-04-20151028,q23,TCATCCA,1,1,0.00249644256934,False,0.0
17914-04-20151028,q24,GGCTATG,1,1,0.00249644256934,False,0.0
17914-04-20151028,q24,GTTCCTC,1,1,0.00249644256934,False,0.0
17914-04-20151028,q26,CGTGAGG,1,1,0.00249644256934,False,0.0
17914-04-20151028,q27,CGTGAGG,1,1,0.00249644256934,False,0.0
17914-05-20151028,q24,TTGGCGT,24792,26578,62.9590126467,True,64.5053858563
17914-05-20151028,q19,TTGTGGC,8215,8420,20.8619025852,True,21.3743040017
17914-05-20151028,q19,GGCGGGG,5427,5505,13.7818071004,True,14.1203101421
17914-05-20151028,q19,TTGGCGT,357,357,0.906597592564,False,0.0
17914-05-20151028,q24,TTGTGGC,173,173,0.439331606481,False,0.0
17914-05-20151028,q24,GGCGGGG,136,136,0.345370511453,False,0.0
17914-05-20151028,q24,TTGGCAT,51,51,0.129513941795,False,0.0
17914-05-20151028,q24,TTGACGT,47,48,0.119355985576,False,0.0
17914-05-20151028,q24,TTGGCGC,30,30,0.0761846716441,False,0.0
17914-05-20151028,q19,TTGTGAC,27,27,0.0685662044797,False,0.0
17914-05-20151028,q19,GGCAGGG,14,14,0.0355528467672,False,0.0
17914-05-20151028,q24,TTGGTGT,10,10,0.025394890548,False,0.0
17914-05-20151028,q19,GGCGAGG,9,9,0.0228554014932,False,0.0
17914-05-20151028,q19,TTGCGGC,5,5,0.012697445274,False,0.0
17914-05-20151028,q19,TTGTTGC,5,5,0.012697445274,False,0.0
17914-05-20151028,q24,TTGGAGT,5,5,0.012697445274,False,0.0
17914-05-20151028,q23,TTGGCGT,4,4,0.0101579562192,False,0.0
17914-05-20151028,q24,TCGGCGT,4,4,0.0101579562192,False,0.0
17914-05-20151028,q19,GGCTGGG,3,3,0.00761846716441,False,0.0
17914-05-20151028,q24,TTTGCGT,3,3,0.00761846716441,False,0.0
17914-05-20151028,q23,TCATCCA,2,2,0.0050789781096,False,0.0
17914-05-20151028,q24,TTGTGAC,2,2,0.0050789781096,False,0.0
17914-05-20151028,q24,TTGGCTT,2,2,0.0050789781096,False,0.0
17914-05-20151028,q24,CTGGCGT,2,2,0.0050789781096,False,0.0
17914-05-20151028,q23,TTGTGGC,2,2,0.0050789781096,False,0.0
17914-05-20151028,q23,GGCGGGG,2,2,0.0050789781096,False,0.0
17914-05-20151028,q19,TTGTAGC,2,2,0.0050789781096,False,0.0
17914-05-20151028,q19,TTGACGT,2,2,0.0050789781096,False,0.0
17914-05-20151028,q19,GTCGGGG,2,2,0.0050789781096,False,0.0
17914-05-20151028,q19,GGCGTGG,2,2,0.0050789781096,False,0.0
17914-05-20151028,q23,CCTTTTG,2,2,0.0050789781096,False,0.0
17914-05-20151028,q23,AGTCGGG,1,1,0.0025394890548,False,0.0
17914-05-20151028,q24,TTAGCGT,1,1,0.0025394890548,False,0.0
17914-05-20151028,q24,ATCCTGG,1,1,0.0025394890548,False,0.0
17914-05-20151028,q24,ATGGCGT,1,1,0.0025394890548,False,0.0
17914-05-20151028,q24,CGTCGTG,1,1,0.0025394890548,False,0.0
17914-05-20151028,q24,GGCGGAG,1,1,0.0025394890548,False,0.0
17914-05-20151028,q24,GGCGGGT,1,1,0.0025394890548,False,0.0
17914-05-20151028,q24,TCGGTCC,1,1,0.0025394890548,False,0.0
17914-05-20151028,q24,TGTCCCC,1,1,0.0025394890548,False,0.0
17914-05-20151028,q24,TTGGGGT,1,1,0.0025394890548,False,0.0
17914-05-20151028,q24,TTGATGT,1,1,0.0025394890548,False,0.0
17914-05-20151028,q24,TTGGCGA,1,1,0.0025394890548,False,0.0
17914-05-20151028,q24,TTGTCGT,1,1,0.0025394890548,False,0.0
17914-05-20151028,q25,TTGTGGC,1,1,0.0025394890548,False,0.0
17914-05-20151028,q26,TAGTGTC,1,1,0.0025394890548,False,0.0
17914-05-20151028,q27,CGCATAG,1,1,0.0025394890548,False,0.0
17914-05-20151028,q27,GCGGTAG,1,1,0.0025394890548,False,0.0
17914-05-20151028,q27,GTGCGTT,1,1,0.0025394890548,False,0.0
17914-05-20151028,q24,AGTGTGT,1,1,0.0025394890548,False,0.0
17914-05-20151028,q19,GGCCGGG,1,1,0.0025394890548,False,0.0
17914-05-20151028,q19,TTTGCGT,1,1,0.0025394890548,False,0.0
17914-05-20151028,q19,GGCGGGT,1,1,0.0025394890548,False,0.0
17914-05-20151028,q19,AGCGGGG,1,1,0.0025394890548,False,0.0
17914-05-20151028,q19,ATGTGGC,1,1,0.0025394890548,False,0.0
17914-05-20151028,q19,GACGGGG,1,1,0.0025394890548,False,0.0
17914-05-20151028,q19,GAGGGGG,1,1,0.0025394890548,False,0.0
17914-05-20151028,q19,GGCGGAG,1,1,0.0025394890548,False,0.0
17914-05-20151028,q19,GGCGGGA,1,1,0.0025394890548,False,0.0
17914-05-20151028,q19,GGCGGGC,1,1,0.0025394890548,False,0.0
17914-05-20151028,q19,GGGCGGC,1,1,0.0025394890548,False,0.0
17914-05-20151028,q19,TTGTGGT,1,1,0.0025394890548,False,0.0
17914-05-20151028,q19,GGTGGGG,1,1,0.0025394890548,False,0.0
17914-05-20151028,q19,TGTGGTG,1,1,0.0025394890548,False,0.0
17914-05-20151028,q19,TTATGGC,1,1,0.0025394890548,False,0.0
17914-05-20151028,q19,TTGAGGC,1,1,0.0025394890548,False,0.0
17914-05-20151028,q19,TTGGCAT,1,1,0.0025394890548,False,0.0
17914-05-20151028,q19,TTGGCGC,1,1,0.0025394890548,False,0.0
17914-05-20151028,q19,TTGTGCC,1,1,0.0025394890548,False,0.0
17914-05-20151028,q27,TTGTGGC,1,1,0.0025394890548,False,0.0
17914-06-20151028,q23,CGGGCCT,9079,9292,99.2782941498,True,100.0
17914-06-20151028,q23,CGGACCT,16,16,0.174958993986,False,0.0
17914-06-20151028,q23,CGGGCCC,8,8,0.0874794969929,False,0.0
17914-06-20151028,q23,CGAGCCT,5,5,0.0546746856206,False,0.0
17914-06-20151028,q23,CGTGCCT,5,5,0.0546746856206,False,0.0
17914-06-20151028,q23,CAGGCCT,4,4,0.0437397484964,False,0.0
17914-06-20151028,q23,CGGGCAT,4,4,0.0437397484964,False,0.0
17914-06-20151028,q23,CGGTCCT,3,3,0.0328048113723,False,0.0
17914-06-20151028,q23,CGGGTCT,3,3,0.0328048113723,False,0.0
17914-06-20151028,q23,CGGGCCA,3,3,0.0328048113723,False,0.0
17914-06-20151028,q23,CGGGACT,3,3,0.0328048113723,False,0.0
17914-06-20151028,q23,AGGGCCT,3,3,0.0328048113723,False,0.0
17914-06-20151028,q23,TGGGCCT,2,2,0.0218698742482,False,0.0
17914-06-20151028,q24,CGGGCCT,2,2,0.0218698742482,False,0.0
17914-06-20151028,q19,CGGGCCT,1,1,0.0109349371241,False,0.0
17914-06-20151028,q23,CTGGCCT,1,1,0.0109349371241,False,0.0
17914-06-20151028,q23,GCCACAT,1,1,0.0109349371241,False,0.0
17914-06-20151028,q23,GCCCGCT,1,1,0.0109349371241,False,0.0
17914-06-20151028,q24,GTTCCTC,1,1,0.0109349371241,False,0.0
17914-07-20151028,q23,CCTTTTG,53423,62477,99.5824556825,True,100.0
17914-07-20151028,q23,CCTTTTA,32,32,0.0596491882118,False,0.0
17914-07-20151028,q23,CCTTTCG,25,25,0.0466009282905,False,0.0
17914-07-20151028,q23,CCTTTTT,18,18,0.0335526683692,False,0.0
17914-07-20151028,q23,CATTTTG,17,17,0.0316886312375,False,0.0
17914-07-20151028,q23,GCTGGGG,15,15,0.0279605569743,False,0.0
17914-07-20151028,q23,CCTCTTG,13,13,0.0242324827111,False,0.0
17914-07-20151028,q23,CCTTCTG,13,13,0.0242324827111,False,0.0
17914-07-20151028,q23,CCTTGTG,11,11,0.0205044084478,False,0.0
17914-07-20151028,q23,CCTTATG,11,11,0.0205044084478,False,0.0
17914-07-20151028,q24,CCTTTTG,10,10,0.0186403713162,False,0.0
17914-07-20151028,q23,CTTTTTG,7,7,0.0130482599213,False,0.0
17914-07-20151028,q23,CCATTTG,6,6,0.0111842227897,False,0.0
17914-07-20151028,q23,TCTTTTG,6,6,0.0111842227897,False,0.0
17914-07-20151028,q19,CCTTTTG,5,5,0.0093201856581,False,0.0
17914-07-20151028,q23,CCTATTG,5,5,0.0093201856581,False,0.0
17914-07-20151028,q23,CCTGTTG,4,4,0.00745614852648,False,0.0
17914-07-20151028,q23,CCTTTAG,3,3,0.00559211139486,False,0.0
17914-07-20151028,q23,CCCTTTG,3,3,0.00559211139486,False,0.0
17914-07-20151028,q19,GGGGATA,2,2,0.00372807426324,False,0.0
17914-07-20151028,q27,GCGGTAG,2,2,0.00372807426324,False,0.0
17914-07-20151028,q19,GGGCGGC,2,2,0.00372807426324,False,0.0
17914-07-20151028,q24,AGACCTC,1,1,0.00186403713162,False,0.0
17914-07-20151028,q27,CCTTTTG,1,1,0.00186403713162,False,0.0
17914-07-20151028,q26,GGAGCCA,1,1,0.00186403713162,False,0.0
17914-07-20151028,q25,TTTAGGG,1,1,0.00186403713162,False,0.0
17914-07-20151028,q25,CCTTTTG,1,1,0.00186403713162,False,0.0
17914-07-20151028,q24,TTCCGAG,1,1,0.00186403713162,False,0.0
17914-07-20151028,q23,TCATCCA,1,1,0.00186403713162,False,0.0
17914-07-20151028,q24,AAGCAAT,1,1,0.00186403713162,False,0.0
17914-07-20151028,q23,GGTGGGT,1,1,0.00186403713162,False,0.0
17914-07-20151028,q23,GCTTTTG,1,1,0.00186403713162,False,0.0
17914-07-20151028,q23,CCTTTTC,1,1,0.00186403713162,False,0.0
17914-07-20151028,q23,ACTTTTG,1,1,0.00186403713162,False,0.0
17914-07-20151028,q19,CCAGTTG,1,1,0.00186403713162,False,0.0
17914-07-20151028,q27,CGCATAG,1,1,0.00186403713162,False,0.0
17914-08-20151028,q19,GGGTCAC,31320,34150,99.0199177996,True,100.0
17914-08-20151028,q19,GGGTTAC,91,91,0.287701549162,False,0.0
17914-08-20151028,q19,GGGCCAC,43,44,0.135946885868,False,0.0
17914-08-20151028,q19,GGATCAC,34,34,0.1074928865,False,0.0
17914-08-20151028,q19,GGGTAAC,23,23,0.0727157761619,False,0.0
17914-08-20151028,q19,TGGTCAC,16,16,0.0505848877648,False,0.0
17914-08-20151028,q24,GGGTCAC,13,13,0.0411002213089,False,0.0
17914-08-20151028,q23,GGGTCAC,11,11,0.0347771103383,False,0.0
17914-08-20151028,q19,GGGTCAT,11,11,0.0347771103383,False,0.0
17914-08-20151028,q19,GGGACAC,9,9,0.0284539993677,False,0.0
17914-08-20151028,q19,GTGTCAC,9,9,0.0284539993677,False,0.0
17914-08-20151028,q19,GGGTCTC,8,8,0.0252924438824,False,0.0
17914-08-20151028,q19,GGGTCGC,7,7,0.0221308883971,False,0.0
17914-08-20151028,q19,AGGTCAC,6,6,0.0189693329118,False,0.0
17914-08-20151028,q19,GAGTCAC,4,4,0.0126462219412,False,0.0
17914-08-20151028,q19,GGTTCAC,4,4,0.0126462219412,False,0.0
17914-08-20151028,q24,TATCGTC,2,2,0.0063231109706,False,0.0
17914-08-20151028,q23,CGGGCCT,2,2,0.0063231109706,False,0.0
17914-08-20151028,q19,GGGCGGC,2,2,0.0063231109706,False,0.0
17914-08-20151028,q19,ATCCGGT,1,1,0.0031615554853,False,0.0
17914-08-20151028,q19,CGGTCAC,1,1,0.0031615554853,False,0.0
17914-08-20151028,q19,CGTCCTG,1,1,0.0031615554853,False,0.0
17914-08-20151028,q19,CTTTTGT,1,1,0.0031615554853,False,0.0
17914-08-20151028,q19,GGCTCAC,1,1,0.0031615554853,False,0.0
17914-08-20151028,q19,GGGTCAA,1,1,0.0031615554853,False,0.0
17914-08-20151028,q19,GGGTGAC,1,1,0.0031615554853,False,0.0
17914-08-20151028,q23,GCTGGGG,1,1,0.0031615554853,False,0.0
17914-08-20151028,q23,TTTGGGT,1,1,0.0031615554853,False,0.0
17914-08-20151028,q24,AAGCAAT,1,1,0.0031615554853,False,0.0
17914-08-20151028,q24,AGAATCC,1,1,0.0031615554853,False,0.0
17914-08-20151028,q24,GGCTATG,1,1,0.0031615554853,False,0.0
17914-08-20151028,q24,GGGGAGT,1,1,0.0031615554853,False,0.0
17914-08-20151028,q27,GGGTCAC,1,1,0.0031615554853,False,0.0
17914-08-20151028,q27,GGTGGGT,1,1,0.0031615554853,False,0.0
17914-09-20151028,q24,GGCTATG,36623,40585,99.0855225779,True,100.0
17914-09-20151028,q24,GGCTATA,78,78,0.211033251265,False,0.0
17914-09-20151028,q24,GGCCATG,48,48,0.129866616163,False,0.0
17914-09-20151028,q24,GGCTATT,43,43,0.116338843646,False,0.0
17914-09-20151028,q24,GGCTTTG,31,31,0.0838721896053,False,0.0
17914-09-20151028,q24,TGCTATG,24,24,0.0649333080815,False,0.0
17914-09-20151028,q24,GGTTATG,17,17,0.0459944265577,False,0.0
17914-09-20151028,q24,AGCTATG,10,10,0.027055545034,False,0.0
17914-09-20151028,q24,GGCAATG,10,10,0.027055545034,False,0.0
17914-09-20151028,q24,GGCTACG,10,10,0.027055545034,False,0.0
17914-09-20151028,q19,GGCTATG,8,8,0.0216444360272,False,0.0
17914-09-20151028,q24,GGCTAAG,8,8,0.0216444360272,False,0.0
17914-09-20151028,q24,GGCTGTG,8,8,0.0216444360272,False,0.0
17914-09-20151028,q24,GACTATG,7,7,0.0189388815238,False,0.0
17914-09-20151028,q24,GTCTATG,7,7,0.0189388815238,False,0.0
17914-09-20151028,q23,GCTGGGG,5,5,0.013527772517,False,0.0
17914-09-20151028,q23,GGCTATG,4,4,0.0108222180136,False,0.0
17914-09-20151028,q24,GGATATG,4,4,0.0108222180136,False,0.0
17914-09-20151028,q24,CGCTATG,2,2,0.00541110900679,False,0.0
17914-09-20151028,q24,TTCCGAG,2,2,0.00541110900679,False,0.0
17914-09-20151028,q27,CAGGGGT,2,2,0.00541110900679,False,0.0
17914-09-20151028,q19,GCTGCGG,1,1,0.0027055545034,False,0.0
17914-09-20151028,q24,AGCGTTA,1,1,0.0027055545034,False,0.0
17914-09-20151028,q24,GGCTAGG,1,1,0.0027055545034,False,0.0
17914-09-20151028,q24,GGCTATC,1,1,0.0027055545034,False,0.0
17914-09-20151028,q25,CTTCACG,1,1,0.0027055545034,False,0.0
17914-09-20151028,q25,TTTAGGG,1,1,0.0027055545034,False,0.0
17914-09-20151028,q26,GGCTATG,1,1,0.0027055545034,False,0.0
17914-09-20151028,q27,CCTACTT,1,1,0.0027055545034,False,0.0
17914-09-20151028,q27,GCGGTAG,1,1,0.0027055545034,False,0.0
17914-09-20151028,q27,GTAATAC,1,1,0.0027055545034,False,0.0
17914-10-20151028,q24,GGCTATG,28048,30295,56.4698302764,True,59.3118907145
17914-10-20151028,q23,GCGCGAA,19241,20323,38.7384485293,True,40.6881092855
17914-10-20151028,q24,GCGCGAA,1014,1014,2.04151482816,False,0.0
17914-10-20151028,q23,GGCTATG,998,1000,2.00930157644,False,0.0
17914-10-20151028,q24,GGCTATA,60,60,0.120799693974,False,0.0
17914-10-20151028,q23,GCACGAA,50,50,0.100666411645,False,0.0
17914-10-20151028,q23,GCGCAAA,36,36,0.0724798163845,False,0.0
17914-10-20151028,q24,GGCCATG,30,30,0.0603998469871,False,0.0
17914-10-20151028,q24,GGCTTTG,22,22,0.0442932211238,False,0.0
17914-10-20151028,q24,GGCTATT,17,17,0.0342265799593,False,0.0
17914-10-20151028,q24,GGTTATG,13,13,0.0261732670277,False,0.0
17914-10-20151028,q23,GTGCGAA,12,12,0.0241599387948,False,0.0
17914-10-20151028,q24,GGCAATG,12,12,0.0241599387948,False,0.0
17914-10-20151028,q23,GCGCTAA,11,11,0.0221466105619,False,0.0
17914-10-20151028,q24,GGCTGTG,7,7,0.0140932976303,False,0.0
17914-10-20151028,q23,GCGCGAT,6,6,0.0120799693974,False,0.0
17914-10-20151028,q23,GCGTGAA,6,6,0.0120799693974,False,0.0
17914-10-20151028,q23,CCTTTTG,6,6,0.0120799693974,False,0.0
17914-10-20151028,q23,ACGCGAA,5,5,0.0100666411645,False,0.0
17914-10-20151028,q23,GCGCGTA,4,4,0.00805331293161,False,0.0
17914-10-20151028,q24,GGCTAAG,4,4,0.00805331293161,False,0.0
17914-10-20151028,q24,GGCTACG,4,4,0.00805331293161,False,0.0
17914-10-20151028,q24,TGCTATG,4,4,0.00805331293161,False,0.0
17914-10-20151028,q23,GCGAGAA,3,3,0.00603998469871,False,0.0
17914-10-20151028,q23,GAGCGAA,3,3,0.00603998469871,False,0.0
17914-10-20151028,q23,GCCCGAA,3,3,0.00603998469871,False,0.0
17914-10-20151028,q23,GCTCGAA,3,3,0.00603998469871,False,0.0
17914-10-20151028,q24,GCGCAAA,3,3,0.00603998469871,False,0.0
17914-10-20151028,q24,GGATATG,3,3,0.00603998469871,False,0.0
17914-10-20151028,q24,GTCTATG,3,3,0.00603998469871,False,0.0
17914-10-20151028,q24,AGCTATG,2,2,0.0040266564658,False,0.0
17914-10-20151028,q23,GGCTATA,2,2,0.0040266564658,False,0.0
17914-10-20151028,q24,GGCTATC,2,2,0.0040266564658,False,0.0
17914-10-20151028,q23,TCGCGAA,2,2,0.0040266564658,False,0.0
17914-10-20151028,q19,CGTGAGG,2,2,0.0040266564658,False,0.0
17914-10-20151028,q23,GGCGATG,2,2,0.0040266564658,False,0.0
17914-10-20151028,q19,GGCTATG,2,2,0.0040266564658,False,0.0
17914-10-20151028,q23,GCGCGAG,2,2,0.0040266564658,False,0.0
17914-10-20151028,q24,CCAGTTG,1,1,0.0020133282329,False,0.0
17914-10-20151028,q24,GGCTAGG,1,1,0.0020133282329,False,0.0
17914-10-20151028,q24,GGCGATG,1,1,0.0020133282329,False,0.0
17914-10-20151028,q24,GGCACAA,1,1,0.0020133282329,False,0.0
17914-10-20151028,q24,GCTCGAA,1,1,0.0020133282329,False,0.0
17914-10-20151028,q24,GCGCGAT,1,1,0.0020133282329,False,0.0
17914-10-20151028,q24,GCCTATG,1,1,0.0020133282329,False,0.0
17914-10-20151028,q24,GCACGAA,1,1,0.0020133282329,False,0.0
17914-10-20151028,q24,GACTATG,1,1,0.0020133282329,False,0.0
17914-10-20151028,q24,CCTTTTG,1,1,0.0020133282329,False,0.0
17914-10-20151028,q23,TACCCCT,1,1,0.0020133282329,False,0.0
17914-10-20151028,q23,TCATCCA,1,1,0.0020133282329,False,0.0
17914-10-20151028,q23,GTCTATG,1,1,0.0020133282329,False,0.0
17914-10-20151028,q23,GGCTTTG,1,1,0.0020133282329,False,0.0
17914-10-20151028,q23,GGCTACG,1,1,0.0020133282329,False,0.0
17914-10-20151028,q23,GGCCATG,1,1,0.0020133282329,False,0.0
17914-10-20151028,q23,GCGCGGA,1,1,0.0020133282329,False,0.0
17914-10-20151028,q23,GCGCAGA,1,1,0.0020133282329,False,0.0
17914-10-20151028,q23,GCACTAA,1,1,0.0020133282329,False,0.0
17914-10-20151028,q23,CCGCGAA,1,1,0.0020133282329,False,0.0
17914-10-20151028,q19,GCGCGAA,1,1,0.0020133282329,False,0.0
17914-10-20151028,q24,TTCTATG,1,1,0.0020133282329,False,0.0
17914-11-20151028,q19,TTGTGGC,4017,4962,66.8163672655,True,69.1751334596
17914-11-20151028,q24,CGGTGTG,1171,1423,19.4777112442,True,20.16531772
17914-11-20151028,q19,ATGATGG,181,225,3.01064537591,True,3.1169278457
17914-11-20151028,q23,TCATCCA,157,188,2.61144377911,True,2.70363354572
17914-11-20151028,q19,GTTTTTT,109,125,1.8130405855,True,1.87704494576
17914-11-20151028,q19,TGGGTGC,87,108,1.44710578842,True,1.49819183744
17914-11-20151028,q25,CCCATCC,85,107,1.41383898869,True,1.46375064577
17914-11-20151028,q24,TCGCCCC,59,71,0.981370592149,False,0.0
17914-11-20151028,q24,TTGTGGC,30,30,0.499001996008,False,0.0
17914-11-20151028,q19,CGGTGTG,26,26,0.43246839654,False,0.0
17914-11-20151028,q19,TTGTGAC,17,19,0.282767797738,False,0.0
17914-11-20151028,q23,TCCTCCA,6,6,0.0998003992016,False,0.0
17914-11-20151028,q19,TTGCGGC,5,6,0.0831669993347,False,0.0
17914-11-20151028,q19,GGGCGGC,5,5,0.0831669993347,False,0.0
17914-11-20151028,q19,TTGTAGC,5,5,0.0831669993347,False,0.0
17914-11-20151028,q23,TTGTGGC,5,5,0.0831669993347,False,0.0
17914-11-20151028,q19,CTGATGG,4,4,0.0665335994677,False,0.0
17914-11-20151028,q24,CGGCGTG,3,3,0.0499001996008,False,0.0
17914-11-20151028,q25,CGGTGTG,3,3,0.0499001996008,False,0.0
17914-11-20151028,q27,CCGCCTG,2,2,0.0332667997339,False,0.0
17914-11-20151028,q24,CGGTATG,2,2,0.0332667997339,False,0.0
17914-11-20151028,q24,TCATCCA,2,2,0.0332667997339,False,0.0
17914-11-20151028,q25,TTGTGGC,2,2,0.0332667997339,False,0.0
17914-11-20151028,q19,TCGCCCC,2,2,0.0332667997339,False,0.0
17914-11-20151028,q19,CCCATCC,2,2,0.0332667997339,False,0.0
17914-11-20151028,q19,TCATCCA,2,2,0.0332667997339,False,0.0
17914-11-20151028,q24,CGGTGTT,1,1,0.0166333998669,False,0.0
17914-11-20151028,q27,GTCCTGA,1,1,0.0166333998669,False,0.0
17914-11-20151028,q27,GGGAGCA,1,1,0.0166333998669,False,0.0
17914-11-20151028,q27,GCGGTAG,1,1,0.0166333998669,False,0.0
17914-11-20151028,q27,GCAGGAT,1,1,0.0166333998669,False,0.0
17914-11-20151028,q27,GAGGAGT,1,1,0.0166333998669,False,0.0
17914-11-20151028,q27,ATTGGGA,1,1,0.0166333998669,False,0.0
17914-11-20151028,q25,GGAGCCA,1,1,0.0166333998669,False,0.0
17914-11-20151028,q24,TATCGTC,1,1,0.0166333998669,False,0.0
17914-11-20151028,q24,GTTTTTT,1,1,0.0166333998669,False,0.0
17914-11-20151028,q24,CGGTTTG,1,1,0.0166333998669,False,0.0
17914-11-20151028,q24,CGATGTG,1,1,0.0166333998669,False,0.0
17914-11-20151028,q24,ATGATGG,1,1,0.0166333998669,False,0.0
17914-11-20151028,q23,TCATCCG,1,1,0.0166333998669,False,0.0
17914-11-20151028,q23,CGGTGTG,1,1,0.0166333998669,False,0.0
17914-11-20151028,q19,TTTTGGC,1,1,0.0166333998669,False,0.0
17914-11-20151028,q19,TTGTTGC,1,1,0.0166333998669,False,0.0
17914-11-20151028,q19,TTGAGGC,1,1,0.0166333998669,False,0.0
17914-11-20151028,q19,TTATGGC,1,1,0.0166333998669,False,0.0
17914-11-20151028,q19,CTGATGT,1,1,0.0166333998669,False,0.0
17914-11-20151028,q19,CCGCCTG,1,1,0.0166333998669,False,0.0
17914-11-20151028,q19,AAGGCTT,1,1,0.0166333998669,False,0.0
17914-11-20151028,q27,TTTCGTG,1,1,0.0166333998669,False,0.0
17914-11-20160214,q24,CACCAAT,74085,93722,99.758968006,True,100.0
17914-11-20160214,q24,CACAAAT,25,25,0.0336636863083,False,0.0
17914-11-20160214,q24,CACTAAT,19,20,0.0255844015943,False,0.0
17914-11-20160214,q24,CATCAAT,14,14,0.0188516643327,False,0.0
17914-11-20160214,q24,CACCATT,13,13,0.0175051168803,False,0.0
17914-11-20160214,q24,CACCTAT,12,12,0.016158569428,False,0.0
17914-11-20160214,q24,AACCAAT,11,11,0.0148120219757,False,0.0
17914-11-20160214,q24,CACCGAT,11,11,0.0148120219757,False,0.0
17914-11-20160214,q24,CACCAAC,10,10,0.0134654745233,False,0.0
17914-11-20160214,q24,CAACAAT,9,9,0.012118927071,False,0.0
17914-11-20160214,q23,CACCAAT,7,7,0.00942583216633,False,0.0
17914-11-20160214,q19,CACCAAT,5,5,0.00673273726166,False,0.0
17914-11-20160214,q19,CTGCTTG,5,5,0.00673273726166,False,0.0
17914-11-20160214,q24,CACCAGT,5,5,0.00673273726166,False,0.0
17914-11-20160214,q24,CTCCAAT,5,5,0.00673273726166,False,0.0
17914-11-20160214,q24,CACCAAA,4,4,0.00538618980933,False,0.0
17914-11-20160214,q19,CGGGAGG,4,4,0.00538618980933,False,0.0
17914-11-20160214,q19,TGTTATG,4,4,0.00538618980933,False,0.0
17914-11-20160214,q23,TGCTCCT,3,3,0.004039642357,False,0.0
17914-11-20160214,q19,GGGCTGG,2,2,0.00269309490466,False,0.0
17914-11-20160214,q24,CACCCAT,2,2,0.00269309490466,False,0.0
17914-11-20160214,q19,TGGTCGC,1,1,0.00134654745233,False,0.0
17914-11-20160214,q19,TTTTTAA,1,1,0.00134654745233,False,0.0
17914-11-20160214,q23,TACACTT,1,1,0.00134654745233,False,0.0
17914-11-20160214,q24,CACGAAT,1,1,0.00134654745233,False,0.0
17914-11-20160214,q24,CAGCAAT,1,1,0.00134654745233,False,0.0
17914-11-20160214,q24,CGCCAAT,1,1,0.00134654745233,False,0.0
17914-11-20160214,q24,CTGCTTG,1,1,0.00134654745233,False,0.0
17914-11-20160214,q24,GTGGGGG,1,1,0.00134654745233,False,0.0
17914-11-20160214,q24,TACCAAT,1,1,0.00134654745233,False,0.0
17914-12-20151028,q19,TTGTGGC,1307,1435,62.0902612827,True,75.5054881571
17914-12-20151028,q24,CGGTGTG,424,458,20.1425178147,True,24.4945118429
17914-12-20151028,q23,TCATCCA,80,86,3.80047505938,False,0.0
17914-12-20151028,q19,TTGTGAC,51,58,2.42280285036,False,0.0
17914-12-20151028,q19,ATGATGG,36,38,1.71021377672,False,0.0
17914-12-20151028,q19,TATGTTC,31,33,1.47268408551,False,0.0
17914-12-20151028,q26,TAGTGTC,20,23,0.950118764846,False,0.0
17914-12-20151028,q19,TTGTGGT,18,21,0.855106888361,False,0.0
17914-12-20151028,q19,CGGTGTG,18,18,0.855106888361,False,0.0
17914-12-20151028,q24,GCGTACG,17,19,0.807600950119,False,0.0
17914-12-20151028,q24,TCTATAA,14,15,0.665083135392,False,0.0
17914-12-20151028,q24,TTGTGGC,14,14,0.665083135392,False,0.0
17914-12-20151028,q24,GTGCAGG,14,15,0.665083135392,False,0.0
17914-12-20151028,q24,CGCAGAA,9,11,0.427553444181,False,0.0
17914-12-20151028,q19,CGTCCTG,8,9,0.380047505938,False,0.0
17914-12-20151028,q24,GTTCCTC,7,7,0.332541567696,False,0.0
17914-12-20151028,q24,CAGAAGT,4,4,0.190023752969,False,0.0
17914-12-20151028,q24,CGGTATG,3,3,0.142517814727,False,0.0
17914-12-20151028,q24,GGGGGGC,3,3,0.142517814727,False,0.0
17914-12-20151028,q19,TCTGTTC,3,3,0.142517814727,False,0.0
17914-12-20151028,q19,TTGCGGC,3,3,0.142517814727,False,0.0
17914-12-20151028,q24,TATCGTC,3,4,0.142517814727,False,0.0
17914-12-20151028,q19,TCATCCA,2,2,0.0950118764846,False,0.0
17914-12-20151028,q23,TTGTGGC,2,2,0.0950118764846,False,0.0
17914-12-20151028,q24,CGGTGTT,2,2,0.0950118764846,False,0.0
17914-12-20151028,q23,TTGTGAC,1,1,0.0475059382423,False,0.0
17914-12-20151028,q25,GGAGCCA,1,1,0.0475059382423,False,0.0
17914-12-20151028,q24,CGGTGGG,1,1,0.0475059382423,False,0.0
17914-12-20151028,q24,CGGCGTG,1,1,0.0475059382423,False,0.0
17914-12-20151028,q24,ATGATGG,1,1,0.0475059382423,False,0.0
17914-12-20151028,q23,CGGTGTG,1,1,0.0475059382423,False,0.0
17914-12-20151028,q23,TCCTCCA,1,1,0.0475059382423,False,0.0
17914-12-20151028,q23,TATGTTC,1,1,0.0475059382423,False,0.0
17914-12-20151028,q19,TCGTGGC,1,1,0.0475059382423,False,0.0
17914-12-20151028,q19,TAGTGTC,1,1,0.0475059382423,False,0.0
17914-12-20151028,q19,CGGTGGC,1,1,0.0475059382423,False,0.0
17914-12-20151028,q26,TCGTGTC,1,1,0.0475059382423,False,0.0
17914-12-20160214,q24,TATGAGA,35278,39131,32.9731750631,True,35.9162314326
17914-12-20160214,q24,GTGGGGG,27025,29265,25.2593700346,True,27.5139224011
17914-12-20160214,q19,GTAAGTG,22229,23701,20.7767081036,True,22.6311556356
17914-12-20160214,q23,TTGGGGG,7848,8029,7.33526497804,False,0.0
17914-12-20160214,q19,GATACGC,6634,6752,6.20057949341,True,6.75401891614
17914-12-20160214,q19,GGTAGGC,3661,3707,3.42181512291,True,3.72723292915
17914-12-20160214,q19,TCTTGGT,1396,1406,1.30479484064,True,1.42125571404
17914-12-20160214,q19,GTCGAGT,1197,1204,1.11879614917,True,1.21865550838
17914-12-20160214,q19,GTGCTTT,803,805,0.750537433405,True,0.817527463018
17914-12-20160214,q19,TATGAGA,67,67,0.0626226750164,False,0.0
17914-12-20160214,q24,GTAAGTG,64,64,0.0598186746425,False,0.0
17914-12-20160214,q19,TTGTCGC,61,61,0.0570146742686,False,0.0
17914-12-20160214,q19,GTGGGGG,58,58,0.0542106738948,False,0.0
17914-12-20160214,q24,TATAAGA,45,45,0.042060005608,False,0.0
17914-12-20160214,q24,GTGGAGG,31,31,0.02897467053,False,0.0
17914-12-20160214,q24,GTGGGGA,31,31,0.02897467053,False,0.0
17914-12-20160214,q24,TTGGGGG,28,28,0.0261706701561,False,0.0
17914-12-20160214,q23,TATGAGA,26,26,0.0243013365735,False,0.0
17914-12-20160214,q24,GATACGC,20,20,0.0186933358258,False,0.0
17914-12-20160214,q24,GTGAGGG,20,20,0.0186933358258,False,0.0
17914-12-20160214,q19,GATACAC,18,18,0.0168240022432,False,0.0
17914-12-20160214,q19,GTAAATG,17,17,0.0158893354519,False,0.0
17914-12-20160214,q23,GTGGGGG,17,17,0.0158893354519,False,0.0
17914-12-20160214,q24,TATTAGA,17,17,0.0158893354519,False,0.0
17914-12-20160214,q24,GGTAGGC,16,16,0.0149546686606,False,0.0
17914-12-20160214,q19,GATATGC,14,14,0.013085335078,False,0.0
17914-12-20160214,q23,GTAAGTG,14,14,0.013085335078,False,0.0
17914-12-20160214,q24,GTGTGGG,14,14,0.013085335078,False,0.0
17914-12-20160214,q24,CACCAAT,13,13,0.0121506682868,False,0.0
17914-12-20160214,q24,TATGTGA,13,13,0.0121506682868,False,0.0
17914-12-20160214,q24,GTGGTGG,10,10,0.00934666791289,False,0.0
17914-12-20160214,q24,TATGAAA,10,10,0.00934666791289,False,0.0
17914-12-20160214,q19,GTAAGTA,10,10,0.00934666791289,False,0.0
17914-12-20160214,q19,GTAAGCG,10,10,0.00934666791289,False,0.0
17914-12-20160214,q24,GTGGGAG,9,9,0.0084120011216,False,0.0
17914-12-20160214,q19,GTAAGTT,9,9,0.0084120011216,False,0.0
17914-12-20160214,q23,TTGGAGG,8,9,0.00747733433031,False,0.0
17914-12-20160214,q19,GTTAGTG,8,8,0.00747733433031,False,0.0
17914-12-20160214,q19,TTGGGGG,8,8,0.00747733433031,False,0.0
17914-12-20160214,q23,TGCTCCT,8,8,0.00747733433031,False,0.0
17914-12-20160214,q24,GTAGGGG,8,8,0.00747733433031,False,0.0
17914-12-20160214,q24,GTGGGTG,8,8,0.00747733433031,False,0.0
17914-12-20160214,q19,GGTAGAC,8,8,0.00747733433031,False,0.0
17914-12-20160214,q19,GCAAGTG,7,7,0.00654266753902,False,0.0
17914-12-20160214,q19,GGTGGGC,7,7,0.00654266753902,False,0.0
17914-12-20160214,q24,TATGATA,7,7,0.00654266753902,False,0.0
17914-12-20160214,q24,TATGGGA,7,7,0.00654266753902,False,0.0
17914-12-20160214,q24,TTTCGCA,7,7,0.00654266753902,False,0.0
17914-12-20160214,q23,TTGTGGG,6,6,0.00560800074773,False,0.0
17914-12-20160214,q23,TTGAGGG,6,6,0.00560800074773,False,0.0
17914-12-20160214,q19,GGTATGC,6,6,0.00560800074773,False,0.0
17914-12-20160214,q23,TTGGGAG,5,5,0.00467333395644,False,0.0
17914-12-20160214,q23,TTGGGGA,5,5,0.00467333395644,False,0.0
17914-12-20160214,q24,GTGCTTT,5,5,0.00467333395644,False,0.0
17914-12-20160214,q19,ATAAGTG,5,5,0.00467333395644,False,0.0
17914-12-20160214,q19,GGCAGGC,4,4,0.00373866716516,False,0.0
17914-12-20160214,q19,GGTAAGC,4,4,0.00373866716516,False,0.0
17914-12-20160214,q19,TTAAGTG,4,4,0.00373866716516,False,0.0
17914-12-20160214,q23,TTGGGGT,4,4,0.00373866716516,False,0.0
17914-12-20160214,q23,TTGGTGG,4,4,0.00373866716516,False,0.0
17914-12-20160214,q24,GTGGGGT,4,4,0.00373866716516,False,0.0
17914-12-20160214,q24,GTTGGGG,4,4,0.00373866716516,False,0.0
17914-12-20160214,q24,GAGGGGG,3,3,0.00280400037387,False,0.0
17914-12-20160214,q24,TATGAGT,3,3,0.00280400037387,False,0.0
17914-12-20160214,q24,TACGAGA,3,3,0.00280400037387,False,0.0
17914-12-20160214,q24,GCGGGGG,3,3,0.00280400037387,False,0.0
17914-12-20160214,q23,TTTGGGG,3,3,0.00280400037387,False,0.0
17914-12-20160214,q24,AATGAGA,3,3,0.00280400037387,False,0.0
17914-12-20160214,q19,TATACGC,3,3,0.00280400037387,False,0.0
17914-12-20160214,q19,ATCCTTT,3,3,0.00280400037387,False,0.0
17914-12-20160214,q19,TCTTGGC,3,3,0.00280400037387,False,0.0
17914-12-20160214,q19,TGTAGGC,2,2,0.00186933358258,False,0.0
17914-12-20160214,q24,TATGAGG,2,2,0.00186933358258,False,0.0
17914-12-20160214,q24,GTCGAGT,2,2,0.00186933358258,False,0.0
17914-12-20160214,q23,TATCAGG,2,2,0.00186933358258,False,0.0
17914-12-20160214,q23,GATACGC,2,2,0.00186933358258,False,0.0
17914-12-20160214,q19,TTTCGCA,2,2,0.00186933358258,False,0.0
17914-12-20160214,q23,GGTAGGC,2,2,0.00186933358258,False,0.0
17914-12-20160214,q19,GTTCTTT,2,2,0.00186933358258,False,0.0
17914-12-20160214,q19,GTCGAGC,2,2,0.00186933358258,False,0.0
17914-12-20160214,q19,GTAGGTG,2,2,0.00186933358258,False,0.0
17914-12-20160214,q19,GTAAGAG,2,2,0.00186933358258,False,0.0
17914-12-20160214,q19,GGTAGGA,2,2,0.00186933358258,False,0.0
17914-12-20160214,q19,GATGCGC,2,2,0.00186933358258,False,0.0
17914-12-20160214,q19,GTCGATT,2,2,0.00186933358258,False,0.0
17914-12-20160214,q23,GTGCTTT,1,1,0.000934666791289,False,0.0
17914-12-20160214,q23,TTGGGTG,1,1,0.000934666791289,False,0.0
17914-12-20160214,q23,TTGGGCG,1,1,0.000934666791289,False,0.0
17914-12-20160214,q23,TCTTGGT,1,1,0.000934666791289,False,0.0
17914-12-20160214,q19,TCTGGGT,1,1,0.000934666791289,False,0.0
17914-12-20160214,q19,TTGGGGC,1,1,0.000934666791289,False,0.0
17914-12-20160214,q19,TTGCTTT,1,1,0.000934666791289,False,0.0
17914-12-20160214,q19,TCTCGGT,1,1,0.000934666791289,False,0.0
17914-12-20160214,q24,ATGGGGG,1,1,0.000934666791289,False,0.0
17914-12-20160214,q23,TTTAGGG,1,1,0.000934666791289,False,0.0
17914-12-20160214,q24,TCTTGGT,1,1,0.000934666791289,False,0.0
17914-12-20160214,q24,CATGAGA,1,1,0.000934666791289,False,0.0
17914-12-20160214,q24,GTCGGGG,1,1,0.000934666791289,False,0.0
17914-12-20160214,q24,GTGCGGG,1,1,0.000934666791289,False,0.0
17914-12-20160214,q24,GTGGCGG,1,1,0.000934666791289,False,0.0
17914-12-20160214,q24,GTGGGGC,1,1,0.000934666791289,False,0.0
17914-12-20160214,q24,TAAGAGA,1,1,0.000934666791289,False,0.0
17914-12-20160214,q24,TATGACA,1,1,0.000934666791289,False,0.0
17914-12-20160214,q19,GTTGGGG,1,1,0.000934666791289,False,0.0
17914-12-20160214,q24,TGCTCCT,1,1,0.000934666791289,False,0.0
17914-12-20160214,q24,TGTGAGA,1,1,0.000934666791289,False,0.0
17914-12-20160214,q19,TATGAGT,1,1,0.000934666791289,False,0.0
17914-12-20160214,q19,GTAATTG,1,1,0.000934666791289,False,0.0
17914-12-20160214,q19,GTTACGC,1,1,0.000934666791289,False,0.0
17914-12-20160214,q19,GTGGGTG,1,1,0.000934666791289,False,0.0
17914-12-20160214,q19,AATACGC,1,1,0.000934666791289,False,0.0
17914-12-20160214,q19,AGTAGGC,1,1,0.000934666791289,False,0.0
17914-12-20160214,q19,ATGCTTT,1,1,0.000934666791289,False,0.0
17914-12-20160214,q19,GAAAGTG,1,1,0.000934666791289,False,0.0
17914-12-20160214,q19,GATAAGC,1,1,0.000934666791289,False,0.0
17914-12-20160214,q19,GATACGA,1,1,0.000934666791289,False,0.0
17914-12-20160214,q19,GATACGT,1,1,0.000934666791289,False,0.0
17914-12-20160214,q19,GATACTC,1,1,0.000934666791289,False,0.0
17914-12-20160214,q19,GATAGGC,1,1,0.000934666791289,False,0.0
17914-12-20160214,q19,GATTCGC,1,1,0.000934666791289,False,0.0
17914-12-20160214,q19,GGAAGGC,1,1,0.000934666791289,False,0.0
17914-12-20160214,q19,GGAAGTG,1,1,0.000934666791289,False,0.0
17914-12-20160214,q19,GGTACGC,1,1,0.000934666791289,False,0.0
17914-12-20160214,q19,GTACGAG,1,1,0.000934666791289,False,0.0
17914-12-20160214,q19,GTATGTG,1,1,0.000934666791289,False,0.0
17914-12-20160214,q19,GTCAAGT,1,1,0.000934666791289,False,0.0
17914-12-20160214,q19,GTCAGTG,1,1,0.000934666791289,False,0.0
17914-12-20160214,q19,GTGCTCT,1,1,0.000934666791289,False,0.0
17914-12-20160214,q19,GTGGGGC,1,1,0.000934666791289,False,0.0
17914-12-20160214,q24,TTTGAGA,1,1,0.000934666791289,False,0.0
17914-13-20151028,q23,AGTCGGG,30214,32975,99.2477745294,True,100.0
17914-13-20151028,q23,AGTCAGG,53,53,0.174095851263,False,0.0
17914-13-20151028,q23,AGTTGGG,28,28,0.091975166705,False,0.0
17914-13-20151028,q23,AGTCTGG,26,26,0.0854055119403,False,0.0
17914-13-20151028,q23,AGTCGAG,20,20,0.0656965476464,False,0.0
17914-13-20151028,q23,AGTCGGT,20,20,0.0656965476464,False,0.0
17914-13-20151028,q23,AGTCGTG,17,17,0.0558420654995,False,0.0
17914-13-20151028,q23,AGTCGGA,13,13,0.0427027559702,False,0.0
17914-13-20151028,q23,CGTCGGG,11,11,0.0361331012055,False,0.0
17914-13-20151028,q23,AGTAGGG,8,8,0.0262786190586,False,0.0
17914-13-20151028,q24,AGTCGGG,6,6,0.0197089642939,False,0.0
17914-13-20151028,q19,AGTCGGG,4,4,0.0131393095293,False,0.0
17914-13-20151028,q23,AATCGGG,3,3,0.00985448214696,False,0.0
17914-13-20151028,q23,AGCCGGG,2,2,0.00656965476464,False,0.0
17914-13-20151028,q27,GGTGGGT,2,2,0.00656965476464,False,0.0
17914-13-20151028,q23,TGTCGGG,1,1,0.00328482738232,False,0.0
17914-13-20151028,q27,GTGCGTT,1,1,0.00328482738232,False,0.0
17914-13-20151028,q27,CGGCACC,1,1,0.00328482738232,False,0.0
17914-13-20151028,q25,GGAGCCA,1,1,0.00328482738232,False,0.0
17914-13-20151028,q24,TTTGGGA,1,1,0.00328482738232,False,0.0
17914-13-20151028,q24,TGGCCAG,1,1,0.00328482738232,False,0.0
17914-13-20151028,q24,GGGGAGT,1,1,0.00328482738232,False,0.0
17914-13-20151028,q19,GGGCGGC,1,1,0.00328482738232,False,0.0
17914-13-20151028,q23,ATTCGGG,1,1,0.00328482738232,False,0.0
17914-13-20151028,q23,AGTCGGC,1,1,0.00328482738232,False,0.0
17914-13-20151028,q23,AGTCGAT,1,1,0.00328482738232,False,0.0
17914-13-20151028,q23,AGTCCGG,1,1,0.00328482738232,False,0.0
17914-13-20151028,q23,AGACGGG,1,1,0.00328482738232,False,0.0
17914-13-20151028,q23,ACTCGGG,1,1,0.00328482738232,False,0.0
17914-13-20151028,q19,TCACTAT,1,1,0.00328482738232,False,0.0
17914-13-20151028,q27,TTTTTTT,1,1,0.00328482738232,False,0.0
17914-14-20151028,q23,GCCACAT,37430,41646,99.4949494949,True,100.0
17914-14-20151028,q23,GTCACAT,20,21,0.0531632110579,False,0.0
17914-14-20151028,q23,GCCTCAT,18,18,0.0478468899522,False,0.0
17914-14-20151028,q23,GCCACTT,17,17,0.0451887293993,False,0.0
17914-14-20151028,q23,GCCACAC,14,14,0.0372142477406,False,0.0
17914-14-20151028,q23,GCCCCAT,14,14,0.0372142477406,False,0.0
17914-14-20151028,q19,GCCACAT,12,12,0.0318979266348,False,0.0
17914-14-20151028,q23,GCAACAT,12,12,0.0318979266348,False,0.0
17914-14-20151028,q23,GCCGCAT,12,12,0.0318979266348,False,0.0
17914-14-20151028,q23,ACCACAT,11,11,0.0292397660819,False,0.0
17914-14-20151028,q24,GCCACAT,11,11,0.0292397660819,False,0.0
17914-14-20151028,q23,GCCATAT,8,8,0.0212652844232,False,0.0
17914-14-20151028,q23,GCTACAT,8,8,0.0212652844232,False,0.0
17914-14-20151028,q23,GACACAT,8,8,0.0212652844232,False,0.0
17914-14-20151028,q23,TCCACAT,5,5,0.0132908027645,False,0.0
17914-14-20151028,q23,CCCACAT,4,4,0.0106326422116,False,0.0
17914-14-20151028,q23,GCCAAAT,3,3,0.00797448165869,False,0.0
17914-14-20151028,q23,GCCACAA,3,3,0.00797448165869,False,0.0
17914-14-20151028,q23,GCCACGT,3,3,0.00797448165869,False,0.0
17914-14-20151028,q23,GCGACAT,1,1,0.0026581605529,False,0.0
17914-14-20151028,q23,GGCACAT,1,1,0.0026581605529,False,0.0
17914-14-20151028,q23,GTTACAT,1,1,0.0026581605529,False,0.0
17914-14-20151028,q23,TCATCCA,1,1,0.0026581605529,False,0.0
17914-14-20151028,q24,CGCTCTT,1,1,0.0026581605529,False,0.0
17914-14-20151028,q24,TATCCTT,1,1,0.0026581605529,False,0.0
17914-14-20151028,q24,TGGGTTC,1,1,0.0026581605529,False,0.0
17914-15-20151028,q24,ATCATCG,32432,35584,85.6290429043,True,86.2553191489
17914-15-20151028,q24,ATCCGGT,5168,5228,13.6448844884,True,13.7446808511
17914-15-20151028,q24,ATCATCA,45,45,0.118811881188,False,0.0
17914-15-20151028,q24,ATCATCT,25,25,0.0660066006601,False,0.0
17914-15-20151028,q24,ATCATAG,21,21,0.0554455445545,False,0.0
17914-15-20151028,q24,ATCACCG,19,19,0.0501650165017,False,0.0
17914-15-20151028,q24,ATCCGAT,14,14,0.0369636963696,False,0.0
17914-15-20151028,q24,ATAATCG,13,13,0.0343234323432,False,0.0
17914-15-20151028,q24,ATCAACG,13,13,0.0343234323432,False,0.0
17914-15-20151028,q24,ATCCTCG,12,12,0.0316831683168,False,0.0
17914-15-20151028,q24,ATCGTCG,10,10,0.026402640264,False,0.0
17914-15-20151028,q24,ATCCAGT,10,10,0.026402640264,False,0.0
17914-15-20151028,q24,ATTATCG,9,9,0.0237623762376,False,0.0
17914-15-20151028,q24,ATCATTG,9,9,0.0237623762376,False,0.0
17914-15-20151028,q24,CTCATCG,7,7,0.0184818481848,False,0.0
17914-15-20151028,q19,ATCATCG,6,6,0.0158415841584,False,0.0
17914-15-20151028,q24,ACCATCG,6,6,0.0158415841584,False,0.0
17914-15-20151028,q24,ATCAGGT,5,5,0.013201320132,False,0.0
17914-15-20151028,q24,ATCCTGT,5,5,0.013201320132,False,0.0
17914-15-20151028,q24,ATCTTCG,5,5,0.013201320132,False,0.0
17914-15-20151028,q24,TTCATCG,5,5,0.013201320132,False,0.0
17914-15-20151028,q23,ATCATCG,4,4,0.0105610561056,False,0.0
17914-15-20151028,q24,ATTCGGT,3,3,0.00792079207921,False,0.0
17914-15-20151028,q19,GGGCGGC,3,3,0.00792079207921,False,0.0
17914-15-20151028,q24,ATCTGGT,3,3,0.00792079207921,False,0.0
17914-15-20151028,q24,ATCATGG,2,2,0.00528052805281,False,0.0
17914-15-20151028,q24,ATCCGGC,2,2,0.00528052805281,False,0.0
17914-15-20151028,q24,ATACGGT,2,2,0.00528052805281,False,0.0
17914-15-20151028,q24,CTCCGGT,1,1,0.0026402640264,False,0.0
17914-15-20151028,q27,GGAGCCA,1,1,0.0026402640264,False,0.0
17914-15-20151028,q27,ATCATCG,1,1,0.0026402640264,False,0.0
17914-15-20151028,q26,GTGGTAC,1,1,0.0026402640264,False,0.0
17914-15-20151028,q25,ACAATGA,1,1,0.0026402640264,False,0.0
17914-15-20151028,q24,TTCCGAG,1,1,0.0026402640264,False,0.0
17914-15-20151028,q24,GTCATCG,1,1,0.0026402640264,False,0.0
17914-15-20151028,q24,GGTAGGG,1,1,0.0026402640264,False,0.0
17914-15-20151028,q24,ATCCGTT,1,1,0.0026402640264,False,0.0
17914-15-20151028,q24,CATCTGT,1,1,0.0026402640264,False,0.0
17914-15-20151028,q24,ATCCGGG,1,1,0.0026402640264,False,0.0
17914-15-20151028,q24,ATCAGCG,1,1,0.0026402640264,False,0.0
17914-15-20151028,q24,AGCATCG,1,1,0.0026402640264,False,0.0
17914-15-20151028,q24,ACCATCT,1,1,0.0026402640264,False,0.0
17914-15-20151028,q24,AACATCG,1,1,0.0026402640264,False,0.0
17914-15-20151028,q19,CCGCCTG,1,1,0.0026402640264,False,0.0
17914-15-20151028,q27,GGTGGGT,1,1,0.0026402640264,False,0.0
17914-16-20151028,q24,ATCCGGT,23900,25521,97.2374791489,True,100.0
17914-16-20151028,q23,ATCCGGT,405,406,1.64774807763,False,0.0
17914-16-20151028,q19,CTTTTGT,100,100,0.406851377192,False,0.0
17914-16-20151028,q24,ATCCAGT,36,36,0.146466495789,False,0.0
17914-16-20151028,q24,ATCCGAT,22,22,0.0895073029822,False,0.0
17914-16-20151028,q24,ATCTGGT,18,18,0.0732332478945,False,0.0
17914-16-20151028,q24,ATCAGGT,17,17,0.0691647341226,False,0.0
17914-16-20151028,q24,ATCCTGT,15,15,0.0610277065788,False,0.0
17914-16-20151028,q24,ATCCGGC,13,13,0.0528906790349,False,0.0
17914-16-20151028,q24,ATACGGT,7,7,0.0284795964034,False,0.0
17914-16-20151028,q24,ATTCGGT,7,7,0.0284795964034,False,0.0
17914-16-20151028,q23,GCTGGGG,5,5,0.0203425688596,False,0.0
17914-16-20151028,q24,CTCCGGT,5,5,0.0203425688596,False,0.0
17914-16-20151028,q19,ATCCGGT,4,4,0.0162740550877,False,0.0
17914-16-20151028,q24,ATCCGTT,4,4,0.0162740550877,False,0.0
17914-16-20151028,q26,CGCTTTG,3,3,0.0122055413158,False,0.0
17914-16-20151028,q23,ATCCGGC,2,2,0.00813702754384,False,0.0
17914-16-20151028,q23,TTTGGGT,2,2,0.00813702754384,False,0.0
17914-16-20151028,q24,ACCCGGT,2,2,0.00813702754384,False,0.0
17914-16-20151028,q24,ATCGGGT,2,2,0.00813702754384,False,0.0
17914-16-20151028,q19,ACGGGTG,1,1,0.00406851377192,False,0.0
17914-16-20151028,q19,CTTTCGT,1,1,0.00406851377192,False,0.0
17914-16-20151028,q19,GTCAGTA,1,1,0.00406851377192,False,0.0
17914-16-20151028,q23,ATCCGCT,1,1,0.00406851377192,False,0.0
17914-16-20151028,q23,ATCCGTT,1,1,0.00406851377192,False,0.0
17914-16-20151028,q23,ATCTGGT,1,1,0.00406851377192,False,0.0
17914-16-20151028,q23,GTCAGGC,1,1,0.00406851377192,False,0.0
17914-16-20151028,q24,ATCCGCT,1,1,0.00406851377192,False,0.0
17914-16-20151028,q24,GTCCGGT,1,1,0.00406851377192,False,0.0
17914-16-20151028,q24,TTCCGGT,1,1,0.00406851377192,False,0.0
17914-17-20151028,q24,AGCGTTA,29619,32240,81.6400220507,True,82.261289785
17914-17-20151028,q24,CGAGGGG,6387,6491,17.6047409041,True,17.738710215
17914-17-20151028,q24,AGCATTA,66,66,0.181918412348,False,0.0
17914-17-20151028,q24,AGTGTTA,33,33,0.0909592061742,False,0.0
17914-17-20151028,q24,AGCTTTA,19,19,0.0523704520397,False,0.0
17914-17-20151028,q24,AGCGCTA,15,15,0.0413450937155,False,0.0
17914-17-20151028,q24,AGCGTCA,14,14,0.0385887541345,False,0.0
17914-17-20151028,q24,AGCGATA,10,10,0.0275633958104,False,0.0
17914-17-20151028,q24,AGCGTTT,9,9,0.0248070562293,False,0.0
17914-17-20151028,q24,AGCGTAA,9,9,0.0248070562293,False,0.0
17914-17-20151028,q24,CGAGAGG,7,7,0.0192943770673,False,0.0
17914-17-20151028,q24,CGAGGGA,7,7,0.0192943770673,False,0.0
17914-17-20151028,q24,CGAGTGG,7,7,0.0192943770673,False,0.0
17914-17-20151028,q24,CGAAGGG,7,7,0.0192943770673,False,0.0
17914-17-20151028,q23,AGCGTTA,6,6,0.0165380374862,False,0.0
17914-17-20151028,q24,GGCGTTA,5,5,0.0137816979052,False,0.0
17914-17-20151028,q24,TGCGTTA,5,5,0.0137816979052,False,0.0
17914-17-20151028,q24,CGCGGGG,4,4,0.0110253583241,False,0.0
17914-17-20151028,q24,TGAGGGG,4,4,0.0110253583241,False,0.0
17914-17-20151028,q24,CGCGTTA,4,4,0.0110253583241,False,0.0
17914-17-20151028,q24,CGAGGTG,4,4,0.0110253583241,False,0.0
17914-17-20151028,q24,CGAGGAG,4,4,0.0110253583241,False,0.0
17914-17-20151028,q24,AGCGGTA,3,3,0.00826901874311,False,0.0
17914-17-20151028,q24,ATCGTTA,3,3,0.00826901874311,False,0.0
17914-17-20151028,q24,CGATGGG,3,3,0.00826901874311,False,0.0
17914-17-20151028,q24,CTAGGGG,3,3,0.00826901874311,False,0.0
17914-17-20151028,q27,GTGGCGC,3,3,0.00826901874311,False,0.0
17914-17-20151028,q24,CGAGGGT,2,2,0.00551267916207,False,0.0
17914-17-20151028,q24,AGCGTTG,2,2,0.00551267916207,False,0.0
17914-17-20151028,q24,AACGTTA,2,2,0.00551267916207,False,0.0
17914-17-20151028,q23,CGAGGGG,2,2,0.00551267916207,False,0.0
17914-17-20151028,q19,CGAGGGG,2,2,0.00551267916207,False,0.0
17914-17-20151028,q19,AGCGTTA,2,2,0.00551267916207,False,0.0
17914-17-20151028,q19,GCTGCGG,1,1,0.00275633958104,False,0.0
17914-17-20151028,q24,AAGCAAT,1,1,0.00275633958104,False,0.0
17914-17-20151028,q24,ACCGTTA,1,1,0.00275633958104,False,0.0
17914-17-20151028,q24,AGAGTTA,1,1,0.00275633958104,False,0.0
17914-17-20151028,q24,CGATAGG,1,1,0.00275633958104,False,0.0
17914-17-20151028,q24,GGCTATG,1,1,0.00275633958104,False,0.0
17914-17-20151028,q24,TGCATTA,1,1,0.00275633958104,False,0.0
17914-17-20151028,q27,GTGCGTT,1,1,0.00275633958104,False,0.0
17914-18-20151028,q23,GTCAGGC,36743,40947,99.0617670055,True,100.0
17914-18-20151028,q23,GTCAGAC,87,87,0.234558248632,False,0.0
17914-18-20151028,q24,TTCCGAG,77,77,0.207597530398,False,0.0
17914-18-20151028,q23,GTCGGGC,31,31,0.083578226524,False,0.0
17914-18-20151028,q23,GTCAAGC,26,26,0.0700978674072,False,0.0
17914-18-20151028,q23,GTCTGGC,21,21,0.0566175082904,False,0.0
17914-18-20151028,q23,GTCATGC,17,17,0.045833220997,False,0.0
17914-18-20151028,q23,GTCCGGC,15,15,0.0404410773503,False,0.0
17914-18-20151028,q23,GTTAGGC,10,10,0.0269607182335,False,0.0
17914-18-20151028,q23,GTCAGGT,9,9,0.0242646464102,False,0.0
17914-18-20151028,q23,GTAAGGC,8,8,0.0215685745868,False,0.0
17914-18-20151028,q24,GTCAGGC,8,8,0.0215685745868,False,0.0
17914-18-20151028,q19,GTCAGGC,6,6,0.0161764309401,False,0.0
17914-18-20151028,q23,ATCAGGC,5,5,0.0134803591168,False,0.0
17914-18-20151028,q23,GTCAGTC,4,4,0.0107842872934,False,0.0
17914-18-20151028,q23,TTCAGGC,4,4,0.0107842872934,False,0.0
17914-18-20151028,q23,GACAGGC,4,4,0.0107842872934,False,0.0
17914-18-20151028,q23,GCCAGGC,4,4,0.0107842872934,False,0.0
17914-18-20151028,q23,GTCAGCC,2,2,0.00539214364671,False,0.0
17914-18-20151028,q23,GTCAGGA,2,2,0.00539214364671,False,0.0
17914-18-20151028,q19,CCGCCTG,1,1,0.00269607182335,False,0.0
17914-18-20151028,q19,GGGCGGC,1,1,0.00269607182335,False,0.0
17914-18-20151028,q23,CCTTTTG,1,1,0.00269607182335,False,0.0
17914-18-20151028,q23,GTCGGAC,1,1,0.00269607182335,False,0.0
17914-18-20151028,q23,TACCCCT,1,1,0.00269607182335,False,0.0
17914-18-20151028,q23,TCATCCA,1,1,0.00269607182335,False,0.0
17914-18-20151028,q26,TTCCGAG,1,1,0.00269607182335,False,0.0
17914-18-20151028,q27,GTCAGGC,1,1,0.00269607182335,False,0.0
17914-19-20151028,q23,TTGGCGA,103833,146116,99.1075519243,True,100.0
17914-19-20151028,q23,TTGACGA,372,372,0.355070250458,False,0.0
17914-19-20151028,q23,TTGGCAA,117,117,0.111675320709,False,0.0
17914-19-20151028,q23,TTGGTGA,91,91,0.0868585827734,False,0.0
17914-19-20151028,q19,CGTGATT,53,53,0.0505879657911,False,0.0
17914-19-20151028,q23,TTAGCGA,48,48,0.0458155161881,False,0.0
17914-19-20151028,q23,TTGGCGT,35,35,0.0334071472205,False,0.0
17914-19-20151028,q23,TTGGAGA,29,29,0.027680207697,False,0.0
17914-19-20151028,q23,TTGGCTA,27,27,0.0257712278558,False,0.0
17914-19-20151028,q23,TTGTCGA,23,23,0.0219532681735,False,0.0
17914-19-20151028,q24,TTGGCGA,22,22,0.0209987782529,False,0.0
17914-19-20151028,q23,TTGGCGG,15,15,0.0143173488088,False,0.0
17914-19-20151028,q23,TAGGCGA,13,13,0.0124083689676,False,0.0
17914-19-20151028,q23,ATGGCGA,11,11,0.0104993891265,False,0.0
17914-19-20151028,q23,CTGGCGA,11,11,0.0104993891265,False,0.0
17914-19-20151028,q23,TCGGCGA,11,11,0.0104993891265,False,0.0
17914-19-20151028,q19,TTGGCGA,10,10,0.00954489920586,False,0.0
17914-19-20151028,q23,TTTGCGA,8,8,0.00763591936469,False,0.0
17914-19-20151028,q23,TTGCCGA,7,7,0.00668142944411,False,0.0
17914-19-20151028,q23,TTCGCGA,4,4,0.00381795968235,False,0.0
17914-19-20151028,q23,TTGGCCA,4,4,0.00381795968235,False,0.0
17914-19-20151028,q19,GGGCGGC,4,4,0.00381795968235,False,0.0
17914-19-20151028,q19,TTGTGGC,3,3,0.00286346976176,False,0.0
17914-19-20151028,q23,TTGGGGA,3,3,0.00286346976176,False,0.0
17914-19-20151028,q24,CGTGATT,2,2,0.00190897984117,False,0.0
17914-19-20151028,q26,CGCTTTG,2,2,0.00190897984117,False,0.0
17914-19-20151028,q23,CGTGATT,2,2,0.00190897984117,False,0.0
17914-19-20151028,q23,TGGGCGA,1,1,0.000954489920586,False,0.0
17914-19-20151028,q23,TTGATGA,1,1,0.000954489920586,False,0.0
17914-19-20151028,q24,CTATCAC,1,1,0.000954489920586,False,0.0
17914-19-20151028,q24,GGGGAGT,1,1,0.000954489920586,False,0.0
17914-19-20151028,q25,TTGGCGA,1,1,0.000954489920586,False,0.0
17914-19-20151028,q26,GTTCGTT,1,1,0.000954489920586,False,0.0
17914-19-20151028,q26,TTGGCGA,1,1,0.000954489920586,False,0.0
17914-19-20151028,q27,GGTGGGT,1,1,0.000954489920586,False,0.0
17914-33-20151028,q24,CGGGTGC,8050,8757,98.6761461142,True,100.0
17914-33-20151028,q24,CGGGTAC,21,21,0.257416033342,False,0.0
17914-33-20151028,q24,CGGATGC,20,20,0.245158126992,False,0.0
17914-33-20151028,q23,GTTTCTG,16,16,0.196126501594,False,0.0
17914-33-20151028,q24,CGGGCGC,10,10,0.122579063496,False,0.0
17914-33-20151028,q24,CGAGTGC,6,6,0.0735474380976,False,0.0
17914-33-20151028,q24,CGGGTGA,5,5,0.061289531748,False,0.0
17914-33-20151028,q24,CGGGTTC,5,5,0.061289531748,False,0.0
17914-33-20151028,q24,CGGGTCC,4,4,0.0490316253984,False,0.0
17914-33-20151028,q24,CGGTTGC,4,4,0.0490316253984,False,0.0
17914-33-20151028,q24,TGGGTGC,3,3,0.0367737190488,False,0.0
17914-33-20151028,q23,GAACTTC,2,2,0.0245158126992,False,0.0
17914-33-20151028,q19,GAACTTC,2,2,0.0245158126992,False,0.0
17914-33-20151028,q19,ATCCTTT,1,1,0.0122579063496,False,0.0
17914-33-20151028,q23,ATCCTTT,1,1,0.0122579063496,False,0.0
17914-33-20151028,q23,CGGGTGC,1,1,0.0122579063496,False,0.0
17914-33-20151028,q23,GTTTATG,1,1,0.0122579063496,False,0.0
17914-33-20151028,q24,AGGGTGC,1,1,0.0122579063496,False,0.0
17914-33-20151028,q24,CGGCTGC,1,1,0.0122579063496,False,0.0
17914-33-20151028,q24,CGGGTGT,1,1,0.0122579063496,False,0.0
17914-33-20151028,q24,TCGGTTC,1,1,0.0122579063496,False,0.0
17914-33-20151028,q26,TAGCATC,1,1,0.0122579063496,False,0.0
17914-33-20151028,q27,TCGGTCC,1,1,0.0122579063496,False,0.0
